buurtcode,buurtnaam,wijkcode,wijknaam,dwellings,households,pct_owner,pct_rent,pct_social_rent,pct_house,pct_apartment,woz_avg_eur,gas_m3_avg,elec_kwh_avg,district_heating_pct,pct_A,pct_B,pct_C,pct_D,pct_E,pct_F,pct_G,n_labelled,income_median_2024,income_mean_2024,pct_hh_lowincome130_2024,pct_hh_minimum130_2024,pct_hh_income_q1_2023,pct_hh_income_q5_2023,pct_DEFG,est_owner_DEFG_dwellings,woz_avg_above_cap,has_energy_data,low_gas_flag
0363AA01,Planciusbuurt-Noord,0363AA,Haarlemmerbuurt,243,240,11.0,89.0,51.0,1.0,99.0,374000.0,640.0,1350.0,,27.0,8.0,35.0,16.0,5.5,4.3,4.3,163.0,33060.0,40762.0,26.1,21.7,33.0,6.0,30.1,8.0,False,True,False
0363AA02,Westelijke eilanden,0363AA,Haarlemmerbuurt,1736,1830,35.0,65.0,50.0,3.0,97.0,591000.0,690.0,1720.0,,22.6,28.9,28.1,10.0,6.1,1.6,2.7,1205.0,39694.0,55371.0,21.6,11.7,32.0,19.0,20.4,124.0,False,True,False
0363AA03,Westerdokseiland,0363AA,Haarlemmerbuurt,977,1000,42.0,58.0,28.0,0.0,100.0,832000.0,800.0,2270.0,,74.0,17.6,7.1,0.4,0.6,0.3,0.0,693.0,58714.0,90848.0,15.8,11.6,18.0,34.0,1.3,5.0,True,True,False
0363AA04,Planciusbuurt-Zuid,0363AA,Haarlemmerbuurt,123,120,1.0,99.0,91.0,0.0,100.0,430000.0,590.0,1570.0,,13.5,10.8,32.4,24.3,13.5,4.5,0.9,111.0,28859.0,34558.0,36.4,27.3,52.0,,43.2,1.0,False,True,False
0363AA05,Haarlemmerbuurt-West,0363AA,Haarlemmerbuurt,1562,1530,27.0,73.0,43.0,2.0,98.0,544000.0,690.0,1740.0,,26.3,20.9,29.8,8.6,5.0,3.4,6.0,1110.0,39236.0,56884.0,22.6,14.6,32.0,17.0,23.0,97.0,False,True,False
0363AA06,Haarlemmerbuurt-Oost,0363AA,Haarlemmerbuurt,1059,1045,25.0,75.0,32.0,5.0,95.0,559000.0,780.0,1710.0,,16.8,21.5,24.2,17.8,9.3,4.1,6.3,679.0,40078.0,68553.0,19.1,11.2,28.0,17.0,37.6,99.0,False,True,False
0363AB01,Marnixbuurt-Noord,0363AB,Jordaan,977,960,17.0,82.0,52.0,0.0,100.0,481000.0,560.0,1580.0,,45.5,16.2,15.8,8.3,6.5,3.5,4.2,804.0,35382.0,47691.0,26.1,18.2,35.0,14.0,22.5,37.0,False,True,False
0363AB02,Driehoekbuurt,0363AB,Jordaan,1918,1905,28.0,72.0,38.0,4.0,96.0,498000.0,660.0,1510.0,,21.0,17.2,27.9,14.2,7.4,5.2,7.1,1411.0,37056.0,50429.0,22.6,14.6,35.0,14.0,33.8,182.0,False,True,False
0363AB03,Anjeliersbuurt-Noord,0363AB,Jordaan,1340,1360,31.0,69.0,31.0,7.0,93.0,602000.0,770.0,1760.0,,24.1,20.0,24.0,12.3,7.4,5.0,7.2,837.0,39596.0,65141.0,18.9,10.7,31.0,19.0,31.9,133.0,False,True,False
0363AB04,Zaagpoortbuurt,0363AB,Jordaan,726,740,18.0,82.0,51.0,0.0,100.0,379000.0,480.0,1390.0,,38.8,12.5,24.1,9.5,5.6,3.4,6.2,503.0,29533.0,43779.0,30.6,22.6,48.0,6.0,24.7,32.0,False,True,False
0363AB05,Anjeliersbuurt-Zuid,0363AB,Jordaan,1986,2015,28.0,72.0,47.0,5.0,95.0,555000.0,710.0,1580.0,,23.4,23.1,25.6,12.2,6.6,4.4,4.8,1450.0,36788.0,49575.0,24.2,14.0,34.0,14.0,27.9,155.0,False,True,False
0363AB06,Marnixbuurt-Midden,0363AB,Jordaan,119,105,49.0,51.0,1.0,1.0,99.0,611000.0,710.0,1830.0,,21.9,17.2,28.1,14.1,12.5,3.1,3.1,64.0,57009.0,73847.0,10.0,,18.0,28.0,32.8,19.0,False,True,False
0363AB07,Bloemgrachtbuurt,0363AB,Jordaan,2002,1935,35.0,64.0,23.0,7.0,93.0,630000.0,760.0,1750.0,,29.3,15.7,21.7,10.6,9.5,4.9,8.2,1262.0,40341.0,66718.0,18.8,11.2,28.0,19.0,33.3,233.0,False,True,False
0363AB08,Groenmarktkadebuurt,0363AB,Jordaan,211,215,36.0,64.0,0.0,0.0,100.0,629000.0,520.0,2050.0,,39.8,29.5,18.1,6.0,3.6,1.8,1.2,166.0,52956.0,64812.0,11.1,5.6,23.0,25.0,12.7,10.0,False,True,False
0363AB09,Marnixbuurt-Zuid,0363AB,Jordaan,517,510,15.0,85.0,33.0,0.0,100.0,542000.0,490.0,1570.0,,68.2,15.2,9.3,2.4,2.4,0.6,1.9,462.0,35614.0,47317.0,18.2,9.1,36.0,11.0,7.4,6.0,False,True,False
0363AB10,Elandsgrachtbuurt,0363AB,Jordaan,2977,2890,26.0,74.0,33.0,3.0,97.0,562000.0,710.0,1660.0,,25.6,18.3,23.1,12.4,7.9,4.6,8.1,1691.0,36758.0,71080.0,22.4,13.8,34.0,16.0,33.1,256.0,False,True,False
0363AB11,Passeerdersgrachtbuurt,0363AB,Jordaan,652,625,40.0,59.0,34.0,3.0,97.0,661000.0,750.0,1700.0,,28.6,23.1,25.2,9.0,6.1,4.8,3.2,377.0,40350.0,67218.0,21.4,12.5,33.0,18.0,23.1,60.0,False,True,False
0363AC01,Langestraat e.o.,0363AC,Grachtengordel-West,1216,1180,51.0,49.0,7.0,9.0,91.0,891000.0,990.0,2150.0,,16.4,13.4,21.2,12.2,14.1,7.6,15.0,433.0,56238.0,113036.0,10.0,5.0,21.0,32.0,49.0,304.0,True,True,False
0363AC02,Leliegracht e.o.,0363AC,Grachtengordel-West,1223,1240,41.0,58.0,17.0,7.0,93.0,871000.0,930.0,2100.0,,24.6,12.9,27.4,13.4,6.7,7.1,8.0,552.0,52568.0,130822.0,12.9,6.5,22.0,32.0,35.1,176.0,True,True,False
0363AC03,Felix Meritisbuurt,0363AC,Grachtengordel-West,1494,1420,40.0,59.0,8.0,8.0,92.0,868000.0,890.0,2110.0,,13.5,14.5,26.9,14.3,11.6,9.4,9.8,594.0,49874.0,99669.0,12.0,5.1,21.0,30.0,45.1,270.0,True,True,False
0363AC04,Leidsegracht-Noord,0363AC,Grachtengordel-West,461,455,43.0,56.0,9.0,9.0,91.0,1024000.0,1040.0,2290.0,,23.3,10.9,26.9,14.5,9.8,8.3,6.2,193.0,52551.0,152402.0,15.8,7.9,20.0,35.0,38.9,77.0,True,True,False
0363AD01,Stationsplein e.o.,0363AD,Burgwallen-Nieuwe Zijde,0,0,,,,,,,,,,,,,,,,,,,,,,,,0.0,,False,False,False
0363AD02,Hemelrijk,0363AD,Burgwallen-Nieuwe Zijde,418,405,31.0,69.0,3.0,2.0,98.0,481000.0,710.0,1630.0,,13.0,14.6,18.2,9.9,13.5,11.5,19.3,192.0,37583.0,48389.0,19.4,12.9,32.0,13.0,54.2,70.0,False,True,False
0363AD03,Nieuwendijk-Noord,0363AD,Burgwallen-Nieuwe Zijde,351,345,15.0,84.0,9.0,6.0,94.0,509000.0,680.0,1890.0,,23.0,11.5,25.9,16.5,8.6,5.8,8.6,243.0,36074.0,47523.0,17.2,13.8,35.0,9.0,39.5,21.0,False,True,False
0363AD04,Spuistraat-Noord,0363AD,Burgwallen-Nieuwe Zijde,572,595,29.0,70.0,8.0,6.0,94.0,540000.0,810.0,1920.0,,24.0,14.5,22.4,12.0,12.9,6.9,7.3,317.0,41886.0,56824.0,12.8,8.5,26.0,15.0,39.1,65.0,False,True,False
0363AD05,Nieuwe Kerk e.o.,0363AD,Burgwallen-Nieuwe Zijde,540,570,23.0,77.0,6.0,8.0,92.0,522000.0,730.0,1800.0,,24.7,15.7,21.1,12.4,10.4,2.8,12.9,356.0,42060.0,49044.0,11.6,7.0,28.0,16.0,38.5,48.0,False,True,False
0363AD06,Spuistraat-Zuid,0363AD,Burgwallen-Nieuwe Zijde,593,540,18.0,82.0,23.0,3.0,97.0,514000.0,750.0,1730.0,,32.5,11.3,24.2,10.7,7.2,6.9,7.2,335.0,38134.0,53916.0,21.3,10.6,29.0,17.0,31.9,34.0,False,True,False
0363AD07,Begijnhofbuurt,0363AD,Burgwallen-Nieuwe Zijde,365,355,9.0,91.0,1.0,6.0,94.0,496000.0,700.0,1590.0,,34.8,5.0,19.3,21.1,7.5,5.0,7.5,161.0,34131.0,48474.0,20.0,13.3,33.0,10.0,41.0,13.0,False,True,False
0363AD08,Kalverdriehoek,0363AD,Burgwallen-Nieuwe Zijde,241,235,22.0,78.0,5.0,3.0,97.0,646000.0,720.0,2030.0,,32.2,14.4,13.8,14.4,9.2,3.4,12.6,174.0,42311.0,51073.0,5.6,,26.0,16.0,39.7,21.0,False,True,False
0363AE01,Kop Zeedijk,0363AE,Burgwallen-Oude Zijde,763,820,22.0,78.0,7.0,4.0,96.0,471000.0,730.0,1740.0,,22.9,21.5,23.7,11.7,9.7,4.5,5.9,506.0,38152.0,51738.0,16.7,12.1,33.0,10.0,31.8,53.0,False,True,False
0363AE02,Oude Kerk e.o.,0363AE,Burgwallen-Oude Zijde,545,560,13.0,86.0,26.0,5.0,95.0,524000.0,750.0,1760.0,,40.0,14.3,23.3,7.8,4.8,2.7,7.2,335.0,33889.0,56278.0,19.5,14.6,38.0,11.0,22.4,16.0,False,True,False
0363AE03,Burgwallen-Oost,0363AE,Burgwallen-Oude Zijde,1045,1215,18.0,82.0,9.0,4.0,96.0,524000.0,770.0,1730.0,,23.4,19.6,19.8,12.0,10.5,6.0,8.8,582.0,34752.0,49748.0,22.3,17.0,37.0,9.0,37.3,70.0,False,True,False
0363AE04,Nes e.o.,0363AE,Burgwallen-Oude Zijde,265,285,31.0,69.0,5.0,8.0,92.0,644000.0,880.0,1990.0,,23.2,11.0,26.5,17.4,12.3,4.5,5.2,155.0,47510.0,62073.0,9.5,4.8,22.0,17.0,39.4,32.0,False,True,False
0363AE05,BG-terrein e.o.,0363AE,Burgwallen-Oude Zijde,411,520,22.0,77.0,36.0,6.0,94.0,565000.0,790.0,1820.0,,22.6,27.2,18.5,9.5,8.2,7.8,6.2,243.0,36581.0,51579.0,20.5,12.8,34.0,13.0,31.7,29.0,False,True,False
0363AF01,Oosterdokseiland,0363AF,Nieuwmarkt/Lastage,314,320,46.0,53.0,29.0,0.0,100.0,940000.0,350.0,2170.0,,98.2,1.4,0.5,0.0,0.0,0.0,0.0,220.0,57867.0,104372.0,12.5,6.2,16.0,28.0,0.0,0.0,True,True,False
0363AF02,Lastage,0363AF,Nieuwmarkt/Lastage,688,715,34.0,66.0,23.0,7.0,93.0,595000.0,800.0,1780.0,,18.9,14.3,26.0,14.1,9.9,5.5,11.3,434.0,45010.0,63758.0,17.5,9.5,24.0,21.0,40.8,95.0,False,True,False
0363AF03,Scheepvaarthuisbuurt,0363AF,Nieuwmarkt/Lastage,339,465,41.0,59.0,4.0,4.0,96.0,725000.0,870.0,2120.0,,28.9,19.3,22.2,9.6,11.1,3.7,5.2,135.0,46690.0,69438.0,12.5,5.0,22.0,23.0,29.6,41.0,True,True,False
0363AF04,Rapenburg,0363AF,Nieuwmarkt/Lastage,636,685,25.0,74.0,39.0,3.0,97.0,505000.0,680.0,1720.0,,34.9,13.7,15.6,11.8,9.2,5.0,9.8,519.0,44709.0,65367.0,15.2,8.7,29.0,19.0,35.8,57.0,False,True,False
0363AF05,Nieuwmarkt,0363AF,Nieuwmarkt/Lastage,1100,1060,17.0,83.0,67.0,5.0,95.0,543000.0,710.0,1590.0,,16.6,20.7,36.1,12.9,7.8,3.3,2.4,781.0,32533.0,45696.0,29.8,18.1,41.0,11.0,26.5,50.0,False,True,False
0363AF06,Uilenburg,0363AF,Nieuwmarkt/Lastage,805,835,37.0,62.0,36.0,0.0,100.0,596000.0,570.0,1740.0,,39.9,10.8,28.9,10.6,5.0,2.5,2.3,564.0,43364.0,71446.0,19.2,13.7,27.0,24.0,20.4,61.0,False,True,False
0363AF07,Valkenburg,0363AF,Nieuwmarkt/Lastage,823,815,41.0,58.0,23.0,0.0,100.0,567000.0,320.0,1740.0,,41.9,27.8,18.5,5.8,3.8,1.1,1.1,449.0,43771.0,56820.0,17.1,11.4,28.0,20.0,11.8,40.0,False,True,False
0363AF08,Zuiderkerkbuurt,0363AF,Nieuwmarkt/Lastage,1078,1085,22.0,77.0,49.0,5.0,95.0,613000.0,800.0,1770.0,,13.1,25.8,29.4,16.0,7.2,4.8,3.6,693.0,37149.0,76492.0,21.9,14.6,34.0,16.0,31.6,75.0,False,True,False
0363AF09,Waterloopleinbuurt,0363AF,Nieuwmarkt/Lastage,586,595,31.0,68.0,37.0,2.0,98.0,551000.0,700.0,1770.0,,15.3,22.1,32.2,13.4,7.1,5.4,4.6,367.0,39260.0,80233.0,18.9,11.3,30.0,16.0,30.5,55.0,False,True,False
0363AG01,Leidsegracht-Zuid,0363AG,Grachtengordel-Zuid,461,445,33.0,66.0,2.0,15.0,85.0,912000.0,970.0,2320.0,,32.1,9.3,14.4,14.4,9.8,9.8,10.2,215.0,56287.0,91709.0,10.8,5.4,20.0,28.0,44.2,67.0,True,True,False
0363AG02,Geelvinckbuurt,0363AG,Grachtengordel-Zuid,198,245,19.0,81.0,0.0,3.0,97.0,744000.0,870.0,2060.0,,14.5,21.4,23.1,15.4,9.4,6.8,9.4,117.0,38874.0,64345.0,11.1,11.1,23.0,16.0,41.0,15.0,True,True,False
0363AG03,Rembrandtplein e.o.,0363AG,Grachtengordel-Zuid,549,605,20.0,80.0,4.0,5.0,95.0,618000.0,760.0,1860.0,,25.7,12.9,27.0,13.5,7.7,3.5,9.6,311.0,40275.0,68044.0,12.5,8.3,24.0,14.0,34.4,38.0,False,True,False
0363AG04,Spiegelbuurt,0363AG,Grachtengordel-Zuid,623,525,43.0,56.0,7.0,9.0,91.0,953000.0,920.0,2210.0,,30.0,17.6,24.5,12.1,6.2,4.8,4.8,290.0,49499.0,141048.0,10.9,4.3,20.0,31.0,27.9,75.0,True,True,False
0363AG05,Vijzelstraatbuurt,0363AG,Grachtengordel-Zuid,842,870,48.0,51.0,1.0,19.0,81.0,1046000.0,970.0,2270.0,,29.0,12.6,16.0,15.0,13.7,7.5,6.1,293.0,54753.0,138149.0,9.2,2.6,18.0,33.0,42.3,171.0,True,True,False
0363AG06,Amstelveldbuurt,0363AG,Grachtengordel-Zuid,962,965,44.0,55.0,7.0,13.0,87.0,952000.0,930.0,2130.0,,22.7,15.2,24.3,12.6,9.9,7.5,7.7,453.0,52862.0,283589.0,10.7,4.8,21.0,32.0,37.7,160.0,True,True,False
0363AH01,Leidsebuurt-Noordwest,0363AH,De Weteringschans,211,215,40.0,59.0,0.0,8.0,92.0,565000.0,610.0,1830.0,,27.9,29.5,20.9,10.1,5.4,3.1,3.1,129.0,45769.0,54776.0,11.1,5.6,26.0,15.0,21.7,18.0,False,True,False
0363AH02,Leidsebuurt-Noordoost,0363AH,De Weteringschans,740,755,29.0,70.0,0.0,6.0,94.0,597000.0,740.0,1860.0,,22.1,10.3,25.3,16.1,11.2,5.8,9.2,466.0,43797.0,63611.0,11.7,8.3,25.0,16.0,42.3,91.0,False,True,False
0363AH03,Weteringbuurt,0363AH,De Weteringschans,1563,1590,42.0,57.0,8.0,9.0,91.0,681000.0,810.0,1910.0,,26.6,11.9,21.3,12.7,10.2,5.2,12.1,832.0,48448.0,179460.0,11.3,6.8,22.0,25.0,40.3,264.0,True,True,False
0363AH04,Utrechtsebuurt-Zuid,0363AH,De Weteringschans,804,775,41.0,58.0,14.0,9.0,91.0,734000.0,770.0,1980.0,,25.7,23.5,23.5,8.9,9.9,1.7,6.7,463.0,48238.0,69945.0,14.3,7.1,25.0,25.0,27.2,90.0,True,True,False
0363AH05,Leidsebuurt-Zuidwest,0363AH,De Weteringschans,115,120,18.0,82.0,19.0,0.0,100.0,599000.0,700.0,2040.0,,42.0,9.9,17.3,11.1,8.6,4.9,6.2,81.0,,,,,32.0,16.0,30.9,6.0,False,True,False
0363AH06,Leidsebuurt-Zuidoost,0363AH,De Weteringschans,221,210,27.0,73.0,12.0,2.0,98.0,592000.0,690.0,1910.0,,41.6,14.9,19.5,9.1,9.1,1.3,4.5,154.0,42786.0,93227.0,17.6,5.9,29.0,20.0,24.0,14.0,False,True,False
0363AH07,Den Texbuurt,0363AH,De Weteringschans,586,645,47.0,53.0,17.0,3.0,97.0,857000.0,930.0,2300.0,,21.9,13.5,23.6,16.1,8.9,5.2,10.7,347.0,56284.0,93178.0,13.8,8.6,22.0,33.0,40.9,113.0,True,True,False
0363AH08,Frederikspleinbuurt,0363AH,De Weteringschans,576,605,46.0,54.0,19.0,6.0,94.0,855000.0,810.0,2070.0,,25.8,16.2,22.3,13.6,9.3,8.4,4.3,345.0,53439.0,117692.0,13.0,7.4,21.0,34.0,35.7,94.0,True,True,False
0363AJ01,Weesperbuurt,0363AJ,Weesperbuurt/Plantage,1847,2105,32.0,68.0,28.0,2.0,98.0,610000.0,710.0,1740.0,,20.5,24.8,26.7,11.2,6.0,4.9,5.8,1148.0,42758.0,79593.0,17.2,10.4,28.0,21.0,28.0,165.0,False,True,False
0363AJ02,Plantage,0363AJ,Weesperbuurt/Plantage,1418,1460,37.0,63.0,15.0,4.0,96.0,724000.0,610.0,2340.0,,52.3,7.7,16.4,8.5,4.3,3.4,7.3,931.0,52620.0,99620.0,10.9,5.5,19.0,28.0,23.5,123.0,True,True,False
0363AJ03,Sarphatistrook,0363AJ,Weesperbuurt/Plantage,1205,1250,31.0,69.0,42.0,1.0,99.0,626000.0,720.0,1790.0,,32.5,20.5,24.7,7.4,6.2,3.2,5.3,954.0,42933.0,67542.0,17.2,11.1,28.0,24.0,22.2,83.0,False,True,False
0363AJ04,Alexanderplein e.o.,0363AJ,Weesperbuurt/Plantage,235,240,50.0,50.0,16.0,1.0,99.0,639000.0,730.0,1890.0,,25.9,16.5,27.6,12.4,7.1,5.3,5.3,170.0,53503.0,69285.0,9.5,4.8,17.0,30.0,30.0,35.0,False,True,False
0363AK01,Marine-Etablissement,0363AK,Oostelijke Eilanden/Kadijken,3,40,,,,,,,,,,33.3,33.3,0.0,0.0,0.0,33.3,0.0,3.0,,,,,,,33.3,,False,True,False
0363AK02,Kattenburg,0363AK,Oostelijke Eilanden/Kadijken,785,1070,25.0,75.0,69.0,4.0,96.0,535000.0,740.0,1870.0,,22.9,19.8,44.6,10.2,1.4,0.2,0.9,646.0,36183.0,47104.0,26.7,18.7,33.0,15.0,12.7,25.0,False,True,False
0363AK03,Wittenburg,0363AK,Oostelijke Eilanden/Kadijken,1313,1335,32.0,68.0,60.0,1.0,99.0,485000.0,620.0,1560.0,,40.5,29.5,25.8,1.4,0.7,0.3,1.7,860.0,39770.0,48613.0,22.8,14.6,32.0,14.0,4.2,18.0,False,True,False
0363AK04,Oostenburg,0363AK,Oostelijke Eilanden/Kadijken,1654,2460,22.0,78.0,54.0,1.0,99.0,513000.0,310.0,1810.0,,81.8,7.7,8.3,1.6,0.3,0.1,0.2,2368.0,44060.0,54503.0,13.5,9.9,21.0,15.0,2.2,8.0,False,True,False
0363AK05,Czaar Peterbuurt,0363AK,Oostelijke Eilanden/Kadijken,1461,1465,25.0,75.0,51.0,2.0,98.0,454000.0,540.0,1480.0,,37.5,20.5,27.5,7.6,3.2,1.3,2.4,899.0,36148.0,48142.0,25.4,19.4,35.0,14.0,14.6,53.0,False,True,False
0363AK06,Het Funen,0363AK,Oostelijke Eilanden/Kadijken,561,625,62.0,38.0,31.0,0.0,100.0,733000.0,640.0,2410.0,,80.9,16.0,2.8,0.3,0.0,0.0,0.0,356.0,59926.0,71522.0,15.5,10.3,19.0,36.0,0.3,1.0,True,True,False
0363AK07,Kadijken,0363AK,Oostelijke Eilanden/Kadijken,1663,1865,36.0,64.0,52.0,2.0,98.0,615000.0,600.0,1630.0,,32.1,27.6,31.0,4.7,2.4,1.0,1.3,1221.0,40687.0,55258.0,21.4,12.5,32.0,17.0,9.3,56.0,False,True,False
0363AK08,Kazernebuurt,0363AK,Oostelijke Eilanden/Kadijken,576,615,23.0,76.0,70.0,1.0,99.0,544000.0,640.0,1630.0,,40.6,38.1,16.0,3.2,1.3,0.6,0.2,475.0,37993.0,47218.0,22.8,15.8,33.0,12.0,5.3,7.0,False,True,False
0363BA01,Afrikahaven,0363BA,Havens-West,2,0,,,,,,,,,,,,,,,,,,,,,,,,0.0,,False,False,False
0363BA02,Amerikahaven,0363BA,Havens-West,0,0,,,,,,,,,,,,,,,,,,,,,,,,0.0,,False,False,False
0363BA03,Westhaven-Noord,0363BA,Havens-West,0,5,,,,,,,,,,,,,,,,,,,,,,,,0.0,,False,False,False
0363BA04,Petroleumhaven,0363BA,Havens-West,5,0,,,,,,,,,,100.0,0.0,0.0,0.0,0.0,0.0,0.0,1.0,,,,,,,0.0,,False,True,False
0363BA05,Vervoerscentrum,0363BA,Havens-West,0,0,,,,,,,,,,,,,,,,,,,,,,,,0.0,,False,False,False
0363BA06,Westhaven-Zuid,0363BA,Havens-West,2,5,,,,,,,,,,,,,,,,,,,,,,,,0.0,,False,False,False
0363BB01,Coenhaven,0363BB,Coenhaven/Minervahaven,1,0,,,,,,,,,,,,,,,,,,,,,,,,0.0,,False,False,False
0363BB02,Vlothaven,0363BB,Coenhaven/Minervahaven,0,0,,,,,,,,,,,,,,,,,,,,,,,,0.0,,False,False,False
0363BB03,Minervahaven-Noordoost,0363BB,Coenhaven/Minervahaven,0,780,,,,,,,,,,,,,,,,,,,,,,83.0,,0.0,,False,False,False
0363BB04,Minervahaven-Noordwest,0363BB,Coenhaven/Minervahaven,1,0,,,,,,,,,,,,,,,,,,,,,,,,0.0,,False,False,False
0363BB05,Minervahaven-Zuidwest,0363BB,Coenhaven/Minervahaven,0,0,,,,,,,,,,,,,,,,,,,,,,,,0.0,,False,False,False
0363BB06,Minervahaven-Zuidoost,0363BB,Coenhaven/Minervahaven,2,10,,,,,,,,,,100.0,0.0,0.0,0.0,0.0,0.0,0.0,2.0,,,,,,,0.0,,False,True,False
0363BB07,Alfa-driehoek,0363BB,Coenhaven/Minervahaven,0,0,,,,,,,,,,,,,,,,,,,,,,,,0.0,,False,False,False
0363BB08,Hemknoop-Noord,0363BB,Coenhaven/Minervahaven,0,0,,,,,,,,,,,,,,,,,,,,,,,,0.0,,False,False,False
0363EA01,Isolatorbuurt,0363EA,Sloterdijk-West,7,20,,,,,,,720.0,4080.0,,0.0,50.0,0.0,50.0,0.0,0.0,0.0,2.0,,,,,,,50.0,,False,True,False
0363EA02,Contactbuurt,0363EA,Sloterdijk-West,7,10,,,,,,,760.0,1910.0,,0.0,0.0,0.0,0.0,100.0,0.0,0.0,1.0,,,,,,,100.0,,False,True,False
0363EA03,Woon- en Groengebied Sloterdijk,0363EA,Sloterdijk-West,872,880,11.0,89.0,1.0,4.0,96.0,548000.0,150.0,1790.0,,81.8,7.3,8.9,1.1,0.4,0.3,0.2,1119.0,65666.0,70132.0,1.6,,10.0,35.0,2.0,2.0,False,True,False
0363EB01,Hemknoop-Zuid,0363EB,Spaarndammerbuurt/Zeeheldenbuurt,1,0,,,,,,,,,,,,,,,,,,,,,,,,0.0,,False,False,False
0363EB02,Overbraker Binnenpolder,0363EB,Spaarndammerbuurt/Zeeheldenbuurt,5,5,,,,,,,910.0,1950.0,,,,,,,,,,,,,,,,0.0,,False,False,False
0363EB03,Zaanstraat emplacement,0363EB,Spaarndammerbuurt/Zeeheldenbuurt,0,0,,,,,,,,,,,,,,,,,,,,,,,,0.0,,False,False,False
0363EB04,Spaarndammerbuurt-Noordwest,0363EB,Spaarndammerbuurt/Zeeheldenbuurt,1087,1105,10.0,90.0,86.0,0.0,100.0,465000.0,750.0,1550.0,,14.0,9.4,22.4,30.8,15.3,5.5,2.5,945.0,37364.0,45933.0,24.5,18.9,33.0,13.0,54.2,59.0,False,True,False
0363EB05,Spaarndammerbuurt-Midden,0363EB,Spaarndammerbuurt/Zeeheldenbuurt,812,825,28.0,72.0,57.0,1.0,99.0,484000.0,570.0,1640.0,,36.8,11.1,22.0,13.4,7.9,2.7,6.0,619.0,38994.0,50716.0,23.1,17.9,30.0,16.0,30.0,68.0,False,True,False
0363EB06,Spaarndammerbuurt-Zuidwest,0363EB,Spaarndammerbuurt/Zeeheldenbuurt,1069,1080,29.0,71.0,51.0,0.0,100.0,447000.0,550.0,1550.0,,44.5,15.3,26.8,7.3,3.9,0.8,1.3,838.0,36319.0,49719.0,26.5,20.4,37.0,14.0,13.4,41.0,False,True,False
0363EB07,Spaarndammerbuurt-Noordoost,0363EB,Spaarndammerbuurt/Zeeheldenbuurt,1645,1650,23.0,77.0,71.0,0.0,100.0,450000.0,620.0,1380.0,,11.3,18.4,45.1,14.4,5.6,3.0,2.2,1390.0,33774.0,43947.0,28.8,21.6,38.0,11.0,25.2,95.0,False,True,False
0363EB08,Zeeheldenbuurt,0363EB,Spaarndammerbuurt/Zeeheldenbuurt,1027,1065,29.0,71.0,56.0,0.0,100.0,488000.0,660.0,1470.0,,23.6,16.4,27.7,15.6,9.5,4.2,3.0,495.0,38772.0,48302.0,25.0,18.0,31.0,14.0,32.3,96.0,False,True,False
0363EB09,Westergasfabriek,0363EB,Spaarndammerbuurt/Zeeheldenbuurt,1,0,,,,,,,,,,,,,,,,,,,,,,,,0.0,,False,False,False
0363EB10,Spaarndammerbuurt-Zuidoost,0363EB,Spaarndammerbuurt/Zeeheldenbuurt,598,625,32.0,68.0,41.0,0.0,100.0,467000.0,610.0,1530.0,,17.3,28.0,34.4,12.3,3.9,2.7,1.4,486.0,38975.0,49933.0,24.1,17.2,31.0,14.0,20.4,39.0,False,True,False
0363EC01,Houthavens-West,0363EC,Houthavens,2303,2495,49.0,50.0,17.0,6.0,94.0,875000.0,0.0,2100.0,,99.8,0.1,0.0,0.0,0.0,0.0,0.0,2342.0,67807.0,100654.0,8.1,5.2,10.0,48.0,0.1,1.0,True,True,True
0363EC02,Houthavens-Oost,0363EC,Houthavens,354,400,57.0,43.0,27.0,0.0,100.0,744000.0,,2120.0,,82.4,12.5,1.4,1.9,0.5,0.5,0.9,216.0,48414.0,65715.0,12.8,7.7,24.0,25.0,3.7,7.0,True,True,False
0363ED01,Kolenkitbuurt-Noord,0363ED,De Kolenkit,1912,2195,15.0,85.0,69.0,6.0,94.0,440000.0,370.0,1770.0,,59.8,7.4,10.8,12.4,4.8,2.4,2.4,1570.0,38907.0,47717.0,28.8,26.1,30.0,14.0,22.0,63.0,False,True,False
0363ED02,Kolenkitbuurt-Zuid,0363ED,De Kolenkit,1126,1075,24.0,76.0,65.0,0.0,100.0,444000.0,180.0,1720.0,71.0,93.7,1.8,3.6,1.0,0.0,0.0,0.0,840.0,44450.0,53621.0,23.4,20.2,27.0,19.0,1.0,3.0,False,True,False
0363ED03,Laan van Spartaan,0363ED,De Kolenkit,1536,1590,20.0,80.0,40.0,8.0,92.0,438000.0,,1740.0,,98.5,1.2,0.3,0.0,0.0,0.0,0.0,1380.0,45732.0,56150.0,17.0,13.4,24.0,20.0,0.0,0.0,False,True,False
0363ED04,Robert Scottbuurt-West,0363ED,De Kolenkit,1521,1420,24.0,76.0,52.0,1.0,99.0,356000.0,280.0,1660.0,,61.0,9.4,15.8,9.8,2.2,1.1,0.8,1034.0,33266.0,40466.0,28.1,22.3,41.0,9.0,13.8,50.0,False,True,False
0363EE01,Bosleeuw,0363EE,Landlust,2746,3235,30.0,70.0,50.0,3.0,97.0,418000.0,580.0,1690.0,,37.1,12.6,21.9,15.6,6.6,3.0,3.2,2064.0,40825.0,50786.0,23.4,20.2,30.0,15.0,28.4,234.0,False,True,False
0363EE02,Gibraltarbuurt,0363EE,Landlust,2357,2460,24.0,76.0,45.0,0.0,100.0,394000.0,640.0,1520.0,,10.1,6.6,25.2,23.8,20.2,7.0,7.0,1972.0,37608.0,44983.0,24.9,20.1,33.0,10.0,58.1,328.0,False,True,False
0363EE03,Bedrijventerrein Landlust,0363EE,Landlust,360,375,49.0,51.0,10.0,1.0,99.0,409000.0,450.0,2010.0,,38.0,27.4,13.4,6.8,4.5,1.7,8.2,292.0,47114.0,55180.0,8.8,5.9,22.0,18.0,21.2,37.0,False,True,False
0363EE04,Landlust-Noord,0363EE,Landlust,1225,1275,27.0,73.0,46.0,0.0,100.0,407000.0,600.0,1510.0,,32.8,13.0,22.6,15.5,7.0,5.2,4.0,731.0,39510.0,46388.0,25.4,21.2,28.0,11.0,31.6,105.0,False,True,False
0363EE05,Erasmusparkbuurt-Oost,0363EE,Landlust,883,945,40.0,60.0,29.0,0.0,100.0,550000.0,700.0,1870.0,,16.3,24.9,35.1,11.3,6.7,2.7,2.9,655.0,44799.0,58383.0,18.2,14.8,25.0,24.0,23.7,84.0,False,True,False
0363EE06,Landlust-Zuid,0363EE,Landlust,2278,2350,36.0,64.0,35.0,0.0,100.0,474000.0,600.0,1630.0,,23.7,15.3,26.1,15.7,5.9,3.5,9.9,1967.0,43420.0,53515.0,22.0,17.0,28.0,19.0,35.0,287.0,False,True,False
0363EF01,Robert Scottbuurt-Oost,0363EF,Erasmuspark,932,950,33.0,66.0,24.0,0.0,100.0,456000.0,690.0,1690.0,,18.6,8.9,32.8,25.3,7.1,2.4,4.9,708.0,44699.0,53373.0,19.3,15.9,27.0,17.0,39.7,122.0,False,True,False
0363EF02,Erasmusparkbuurt-West,0363EF,Erasmuspark,2185,2310,52.0,48.0,10.0,0.0,100.0,452000.0,640.0,1630.0,,20.2,7.5,21.6,25.3,10.4,6.0,9.0,1452.0,49868.0,57272.0,12.3,9.0,19.0,21.0,50.7,576.0,False,True,False
0363EG01,Bedrijvencentrum Westerkwartier,0363EG,Centrale Markt,12,35,,,,,,,1320.0,2230.0,,14.3,21.4,14.3,0.0,7.1,28.6,14.3,14.0,,,,,,,50.0,,False,True,False
0363EG02,GWL-terrein,0363EG,Centrale Markt,601,625,49.0,51.0,45.0,0.0,100.0,620000.0,40.0,1680.0,,70.1,27.1,2.5,0.3,0.0,0.0,0.0,361.0,50202.0,62534.0,15.3,11.9,19.0,26.0,0.3,1.0,False,True,True
0363EG03,Markthallen,0363EG,Centrale Markt,0,10,,,,,,,,,,50.0,25.0,25.0,0.0,0.0,0.0,0.0,4.0,,,,,,,0.0,,False,True,False
0363EG04,Marcanti,0363EG,Centrale Markt,631,600,30.0,69.0,43.0,0.0,100.0,527000.0,590.0,1640.0,,69.8,18.9,9.8,0.9,0.6,0.0,0.0,470.0,41144.0,55917.0,20.7,15.5,28.0,18.0,1.5,3.0,False,True,False
0363EH01,Westerstaatsman,0363EH,Staatsliedenbuurt,1802,1800,39.0,61.0,36.0,0.0,100.0,431000.0,600.0,1450.0,,13.3,12.8,32.3,23.2,10.2,4.0,4.2,1339.0,42292.0,51627.0,19.6,14.9,30.0,17.0,41.6,292.0,False,True,False
0363EH02,Fannius Scholtenbuurt,0363EH,Staatsliedenbuurt,2329,2305,31.0,69.0,50.0,0.0,100.0,436000.0,570.0,1450.0,,21.9,16.2,31.7,17.2,6.2,3.3,3.6,1690.0,39416.0,48608.0,22.9,16.8,30.0,13.0,30.3,219.0,False,True,False
0363EH03,Staatsliedenbuurt-Noordoost,0363EH,Staatsliedenbuurt,743,770,20.0,80.0,74.0,0.0,100.0,461000.0,600.0,1490.0,,35.6,32.1,29.9,2.0,0.0,0.2,0.2,592.0,31684.0,42666.0,33.3,25.0,43.0,10.0,2.4,4.0,False,True,False
0363EH04,De Wittenbuurt-Noord,0363EH,Staatsliedenbuurt,838,850,25.0,75.0,45.0,0.0,100.0,499000.0,620.0,1610.0,,28.7,24.7,27.3,10.5,4.4,2.2,2.2,631.0,38464.0,52124.0,23.7,15.8,33.0,16.0,19.3,41.0,False,True,False
0363EH05,De Wittenbuurt-Zuid,0363EH,Staatsliedenbuurt,551,520,22.0,78.0,69.0,1.0,99.0,476000.0,580.0,1500.0,,35.6,21.6,24.0,10.0,3.3,3.1,2.4,421.0,33308.0,41760.0,32.0,24.0,42.0,9.0,18.8,23.0,False,True,False
0363EH06,Buyskade e.o.,0363EH,Staatsliedenbuurt,1780,1870,31.0,69.0,41.0,0.0,100.0,541000.0,620.0,1650.0,,39.9,20.7,21.4,11.5,2.5,1.0,3.0,1247.0,45195.0,56158.0,18.5,13.7,27.0,22.0,18.0,100.0,False,True,False
0363EJ01,Frederik Hendrikbuurt-Noord,0363EJ,Frederik Hendrikbuurt,2326,2385,31.0,68.0,32.0,0.0,100.0,502000.0,630.0,1560.0,,21.1,17.7,27.7,14.7,7.7,4.3,6.8,1847.0,40157.0,51574.0,21.0,13.1,31.0,17.0,33.6,242.0,False,True,False
0363EJ02,Frederik Hendrikbuurt-Zuidwest,0363EJ,Frederik Hendrikbuurt,796,705,35.0,65.0,39.0,2.0,98.0,513000.0,630.0,1620.0,,32.2,38.8,19.1,3.0,3.6,1.9,1.5,534.0,42720.0,56157.0,21.2,13.6,27.0,19.0,9.9,28.0,False,True,False
0363EJ03,Frederik Hendrikbuurt-Zuidoost,0363EJ,Frederik Hendrikbuurt,2070,2045,31.0,69.0,38.0,0.0,100.0,456000.0,570.0,1430.0,,16.1,12.4,29.9,21.8,8.3,4.4,7.1,1595.0,39531.0,51550.0,21.8,17.0,33.0,16.0,41.6,267.0,False,True,False
0363EK01,Mercatorpark,0363EK,Van Galenbuurt,1,0,,,,,,,,,,,,,,,,,,,,,,,,0.0,,False,False,False
0363EK02,Orteliusbuurt-Noord,0363EK,Van Galenbuurt,780,795,32.0,68.0,47.0,0.0,100.0,435000.0,640.0,1480.0,,3.9,6.9,42.3,34.4,7.7,2.7,2.2,639.0,40692.0,48794.0,24.7,17.8,31.0,13.0,46.9,117.0,False,True,False
0363EK03,Jan Maijenbuurt,0363EK,Van Galenbuurt,1319,1345,24.0,76.0,53.0,0.0,100.0,422000.0,620.0,1500.0,,15.6,21.8,38.9,15.6,4.4,2.5,1.2,1067.0,35119.0,44523.0,30.1,25.2,37.0,11.0,23.7,75.0,False,True,False
0363EK04,John Franklinbuurt,0363EK,Van Galenbuurt,1133,1160,20.0,80.0,43.0,0.0,100.0,439000.0,610.0,1490.0,,21.1,10.6,34.6,18.6,6.1,4.7,4.3,908.0,35554.0,44654.0,24.5,19.8,35.0,11.0,33.7,76.0,False,True,False
0363EL01,Pieter van der Doesbuurt,0363EL,Geuzenbuurt,1053,1100,19.0,81.0,40.0,0.0,100.0,481000.0,680.0,1620.0,,25.7,13.9,34.3,15.0,6.5,2.7,1.8,769.0,38198.0,49980.0,23.5,17.6,34.0,14.0,26.0,52.0,False,True,False
0363EL02,Trompbuurt,0363EL,Geuzenbuurt,1640,1710,34.0,65.0,17.0,0.0,100.0,552000.0,730.0,1820.0,,20.7,9.4,25.5,21.5,9.8,5.7,7.4,1135.0,44719.0,58413.0,16.7,11.7,24.0,22.0,44.4,248.0,False,True,False
0363EL03,Geuzenhofbuurt,0363EL,Geuzenbuurt,1084,1130,49.0,51.0,2.0,0.0,100.0,444000.0,610.0,1480.0,,8.7,6.5,23.8,30.8,11.1,9.4,9.7,597.0,47194.0,55282.0,11.0,7.0,20.0,19.0,61.0,324.0,False,True,False
0363EM01,Orteliusbuurt-Midden,0363EM,Hoofdweg e.o.,1114,1140,31.0,69.0,33.0,0.0,100.0,452000.0,600.0,1520.0,,11.2,9.9,43.4,23.1,7.6,3.1,1.7,908.0,42195.0,51472.0,19.6,15.9,28.0,15.0,35.5,122.0,False,True,False
0363EM02,Balboaplein e.o.,0363EM,Hoofdweg e.o.,1671,1720,22.0,78.0,32.0,0.0,100.0,446000.0,600.0,1520.0,,21.7,16.4,28.7,18.2,6.3,4.8,3.9,1218.0,38666.0,49925.0,23.1,20.0,31.0,14.0,33.3,122.0,False,True,False
0363EM03,Orteliusbuurt-Zuid,0363EM,Hoofdweg e.o.,1072,1090,28.0,72.0,21.0,0.0,100.0,451000.0,610.0,1510.0,,24.0,12.0,29.1,15.8,9.2,5.0,4.8,815.0,41968.0,50211.0,18.8,13.9,31.0,16.0,34.8,105.0,False,True,False
0363EM04,Columbusplein e.o.,0363EM,Hoofdweg e.o.,1960,1995,18.0,82.0,55.0,0.0,100.0,444000.0,630.0,1480.0,,20.2,9.1,36.0,17.4,8.7,5.0,3.6,1660.0,36695.0,49705.0,27.0,22.2,35.0,12.0,34.8,123.0,False,True,False
0363EN01,Filips van Almondekwartier,0363EN,Chassébuurt,587,635,39.0,61.0,26.0,0.0,100.0,525000.0,660.0,1860.0,,32.8,7.6,26.9,16.6,8.8,4.2,2.9,475.0,45224.0,58862.0,17.2,13.8,28.0,23.0,32.6,75.0,False,True,False
0363EN02,Kortenaerkwartier,0363EN,Chassébuurt,1082,1185,33.0,67.0,31.0,5.0,95.0,565000.0,710.0,1850.0,,24.3,15.1,32.5,14.4,5.9,3.5,4.2,827.0,43253.0,57173.0,19.6,15.0,25.0,20.0,28.1,100.0,False,True,False
0363EN03,Van Brakelkwartier,0363EN,Chassébuurt,472,475,18.0,82.0,48.0,0.0,100.0,504000.0,710.0,1670.0,,27.6,9.8,31.4,17.0,8.6,3.6,1.9,417.0,38484.0,47417.0,26.1,23.9,29.0,13.0,31.2,26.0,False,True,False
0363EN04,De Wester Quartier,0363EN,Chassébuurt,864,900,25.0,75.0,55.0,0.0,100.0,524000.0,670.0,1740.0,,16.6,8.2,40.2,21.4,7.8,3.1,2.6,681.0,41238.0,54910.0,25.3,19.3,30.0,17.0,34.9,75.0,False,True,False
0363EP01,Bellamybuurt-Noord,0363EP,Bellamybuurt,1396,1450,25.0,75.0,32.0,1.0,99.0,556000.0,670.0,1670.0,,28.3,15.2,25.6,14.5,7.1,4.0,5.3,1092.0,41011.0,58223.0,19.8,13.7,28.0,18.0,30.9,108.0,False,True,False
0363EP02,Bellamybuurt-Zuid,0363EP,Bellamybuurt,2504,2430,26.0,74.0,37.0,2.0,98.0,513000.0,550.0,1520.0,,41.9,13.5,25.7,10.0,4.3,1.7,3.0,1960.0,42470.0,58592.0,17.1,11.7,27.0,18.0,18.9,123.0,False,True,False
0363EQ01,Da Costabuurt-Noord,0363EQ,Da Costabuurt,2770,2940,34.0,66.0,22.0,0.0,100.0,581000.0,660.0,1750.0,,22.4,17.9,29.1,17.0,6.2,3.2,4.1,1929.0,44903.0,60645.0,15.9,10.0,25.0,22.0,30.6,288.0,False,True,False
0363ER01,Postjeskade e.o.,0363ER,Westindische Buurt,1682,1745,29.0,71.0,18.0,1.0,99.0,521000.0,680.0,1720.0,,14.8,11.3,33.7,19.4,10.4,4.8,5.7,1176.0,46669.0,57398.0,15.7,10.7,24.0,21.0,40.2,196.0,False,True,False
0363ER02,Paramariboplein e.o.,0363ER,Westindische Buurt,2005,2105,38.0,62.0,14.0,1.0,99.0,545000.0,720.0,1790.0,,16.5,11.0,31.9,22.8,8.1,5.3,4.4,1331.0,48568.0,62341.0,14.5,9.8,22.0,24.0,40.6,310.0,False,True,False
0363ES01,Lootsbuurt,0363ES,Van Lennepbuurt,1225,1255,24.0,76.0,52.0,0.0,100.0,457000.0,570.0,1410.0,,24.8,12.6,24.1,18.6,11.9,4.8,3.1,929.0,35098.0,47001.0,28.9,22.8,38.0,12.0,38.5,113.0,False,True,False
0363ES02,Borgerbuurt,0363ES,Van Lennepbuurt,1721,1750,19.0,81.0,73.0,0.0,100.0,480000.0,650.0,1470.0,,29.2,34.9,30.1,3.6,0.7,0.8,0.7,1458.0,32750.0,42636.0,35.0,25.8,43.0,9.0,5.8,19.0,False,True,False
0363ES03,Da Costabuurt-Zuid,0363ES,Van Lennepbuurt,1477,1510,35.0,64.0,22.0,0.0,100.0,492000.0,540.0,1620.0,,24.5,25.3,21.5,11.7,7.0,3.4,6.5,1149.0,41062.0,52458.0,17.8,11.9,27.0,15.0,28.6,148.0,False,True,False
0363ET01,Cremerbuurt-West,0363ET,Overtoomse Sluis,3422,3495,34.0,66.0,19.0,0.0,100.0,556000.0,660.0,1650.0,,22.7,14.5,25.9,18.8,9.4,4.0,4.8,2272.0,47046.0,60330.0,15.0,10.0,24.0,23.0,36.9,430.0,False,True,False
0363ET02,Vondelparkbuurt-West,0363ET,Overtoomse Sluis,1247,1280,44.0,56.0,23.0,3.0,97.0,674000.0,740.0,1900.0,,35.2,14.8,24.5,12.3,6.1,3.9,3.1,738.0,48244.0,73110.0,13.9,7.8,23.0,28.0,25.5,140.0,True,True,False
0363EU01,Cremerbuurt-Oost,0363EU,Helmersbuurt,1359,1395,40.0,60.0,16.0,0.0,100.0,596000.0,620.0,1700.0,,26.6,16.3,28.2,14.1,6.8,3.7,4.3,998.0,50660.0,68063.0,13.3,8.6,22.0,26.0,29.0,157.0,False,True,False
0363EU02,WG-terrein,0363EU,Helmersbuurt,1692,1660,26.0,73.0,53.0,1.0,99.0,616000.0,660.0,1710.0,,44.8,16.4,22.8,8.0,3.7,2.1,2.2,1179.0,37109.0,58156.0,24.0,15.6,34.0,19.0,16.0,71.0,False,True,False
0363EU03,Helmersbuurt-Oost,0363EU,Helmersbuurt,1419,1515,41.0,59.0,3.0,1.0,99.0,729000.0,780.0,1990.0,,29.3,10.6,24.0,16.2,9.3,4.3,6.3,1009.0,52728.0,77944.0,9.4,5.1,18.0,29.0,36.1,210.0,True,True,False
0363EV01,Vondelparkbuurt-Midden,0363EV,Vondelparkbuurt,455,490,38.0,62.0,25.0,12.0,88.0,978000.0,990.0,2260.0,,19.6,15.5,25.7,17.6,14.3,4.9,2.4,245.0,43199.0,151758.0,15.9,11.4,25.0,26.0,39.2,68.0,True,True,False
0363EV02,Vondelparkbuurt-Oost,0363EV,Vondelparkbuurt,529,555,52.0,47.0,8.0,7.0,93.0,1187000.0,1020.0,2520.0,,33.1,10.4,22.4,17.5,5.8,5.8,4.9,326.0,52154.0,140083.0,14.6,8.3,27.0,30.0,34.0,94.0,True,True,False
0363FA01,Sloterdijk De Heining,0363FA,Sloterdijk Nieuw-West,2,10,,,,,,,,,,,,,,,,,,,,,,,,0.0,,False,False,False
0363FA02,Sloterdijk Poort-Noord,0363FA,Sloterdijk Nieuw-West,0,20,,,,,,,,,,,,,,,,,,,,,,100.0,,0.0,,False,False,False
0363FA03,Sloterdijk Poort-Zuid,0363FA,Sloterdijk Nieuw-West,29,85,3.0,97.0,0.0,3.0,97.0,,1330.0,3290.0,,38.5,46.2,15.4,0.0,0.0,0.0,0.0,13.0,,,,,79.0,,0.0,0.0,False,True,False
0363FA04,Sloterdijk Rhônepark,0363FA,Sloterdijk Nieuw-West,7,5,,,,,,,,,,0.0,0.0,100.0,0.0,0.0,0.0,0.0,1.0,,,,,,,0.0,,False,True,False
0363FA05,Sloterdijk Donauhoek,0363FA,Sloterdijk Nieuw-West,2,15,,,,,,,,,,,,,,,,,,,,,,,,0.0,,False,False,False
0363FA06,Bretten-West,0363FA,Sloterdijk Nieuw-West,0,0,,,,,,,,,,,,,,,,,,,,,,,,0.0,,False,False,False
0363FA07,Bretten-Oost,0363FA,Sloterdijk Nieuw-West,0,0,,,,,,,,,,0.0,0.0,0.0,0.0,0.0,100.0,0.0,1.0,,,,,,,100.0,,False,True,False
0363FA08,Sloterdijk Stationskwartier,0363FA,Sloterdijk Nieuw-West,1332,1190,17.0,83.0,9.0,0.0,100.0,317000.0,0.0,1620.0,,97.1,2.9,0.0,0.0,0.0,0.0,0.0,2052.0,34789.0,44405.0,15.7,15.7,45.0,4.0,0.0,0.0,False,True,True
0363FB01,Osdorper Binnenpolder,0363FB,Geuzenveld,11,15,,,,,,,1120.0,3050.0,,3.2,41.9,48.4,3.2,0.0,0.0,3.2,31.0,,,,,,,6.5,,False,True,False
0363FB02,De Eendracht,0363FB,Geuzenveld,923,1000,52.0,48.0,44.0,74.0,26.0,465000.0,840.0,2440.0,,25.0,53.7,21.0,0.4,0.0,0.0,0.0,561.0,50708.0,57834.0,12.6,8.4,18.0,20.0,0.4,2.0,False,True,False
0363FB03,Ruys de Beerenbrouckbuurt,0363FB,Geuzenveld,2245,2480,20.0,80.0,61.0,27.0,73.0,401000.0,770.0,2130.0,,58.3,15.8,16.9,6.3,2.1,0.3,0.2,1878.0,38109.0,47163.0,30.4,24.8,34.0,12.0,8.9,40.0,False,True,False
0363FB04,Eendrachtspark,0363FB,Geuzenveld,154,160,49.0,51.0,43.0,0.0,100.0,323000.0,640.0,1580.0,,33.6,59.8,6.5,0.0,0.0,0.0,0.0,107.0,29775.0,40815.0,33.3,33.3,46.0,8.0,0.0,0.0,False,True,False
0363FB05,Van Tijenbuurt,0363FB,Geuzenveld,977,1145,45.0,55.0,48.0,71.0,29.0,474000.0,630.0,2500.0,,44.4,17.5,16.9,7.5,6.4,3.3,4.0,628.0,45572.0,53622.0,20.0,15.2,26.0,19.0,21.2,93.0,False,True,False
0363FB06,Dudokbuurt,0363FB,Geuzenveld,1286,1365,21.0,79.0,70.0,2.0,98.0,355000.0,330.0,1860.0,,85.4,2.9,3.7,6.1,1.8,0.0,0.1,1102.0,36994.0,43991.0,34.5,30.0,33.0,10.0,8.0,22.0,False,True,False
0363FB07,Bakemabuurt,0363FB,Geuzenveld,1191,1320,22.0,78.0,61.0,2.0,98.0,379000.0,430.0,1910.0,,76.1,10.4,8.4,4.0,0.9,0.1,0.1,922.0,43107.0,48567.0,23.7,20.3,28.0,11.0,5.1,13.0,False,True,False
0363FB08,Wegener Sleeswijkbuurt,0363FB,Geuzenveld,688,680,7.0,93.0,93.0,50.0,50.0,339000.0,720.0,1950.0,,27.4,15.1,44.4,5.0,2.8,3.8,1.4,423.0,36034.0,44881.0,28.1,20.3,35.0,9.0,13.0,6.0,False,True,False
0363FC01,Jan de Louterbuurt,0363FC,Slotermeer-West,1447,1655,38.0,62.0,45.0,30.0,70.0,369000.0,670.0,2160.0,,31.9,10.3,21.0,20.8,10.0,4.2,1.8,943.0,37291.0,44847.0,24.2,19.6,35.0,10.0,36.8,202.0,False,True,False
0363FC02,Lodewijk van Deysselbuurt,0363FC,Slotermeer-West,1410,1395,7.0,93.0,89.0,6.0,94.0,307000.0,680.0,1770.0,,36.8,14.2,15.6,14.5,10.4,3.5,5.0,1311.0,34221.0,41424.0,34.8,30.4,40.0,8.0,33.3,33.0,False,True,False
0363FC03,Confuciusbuurt,0363FC,Slotermeer-West,1798,1800,14.0,86.0,80.0,23.0,77.0,340000.0,550.0,1780.0,,36.8,8.5,34.8,12.3,5.1,1.2,1.3,1579.0,34009.0,43088.0,34.1,28.7,39.0,10.0,19.9,50.0,False,True,False
0363FD01,Arondeusbuurt,0363FD,Slotermeer-Noordoost,1185,1265,19.0,81.0,73.0,20.0,80.0,369000.0,830.0,1830.0,,31.4,11.6,12.9,12.8,15.0,8.3,8.0,627.0,34551.0,43358.0,34.5,30.0,38.0,10.0,44.0,99.0,False,True,False
0363FD02,Coronelbuurt,0363FD,Slotermeer-Noordoost,660,805,65.0,35.0,0.0,51.0,49.0,445000.0,830.0,2230.0,,15.1,8.8,19.9,24.0,13.2,9.1,9.8,317.0,45016.0,55681.0,8.7,4.3,19.0,22.0,56.2,241.0,False,True,False
0363FD03,Meerwaldtbuurt,0363FD,Slotermeer-Noordoost,954,980,7.0,93.0,89.0,38.0,62.0,352000.0,700.0,1480.0,,51.6,10.2,28.6,4.0,2.6,0.6,2.4,783.0,31046.0,39483.0,40.0,35.6,44.0,8.0,9.6,6.0,False,True,False
0363FD04,Dobbebuurt,0363FD,Slotermeer-Noordoost,1393,1460,27.0,73.0,66.0,0.0,100.0,337000.0,520.0,1600.0,22.0,43.0,7.4,30.0,11.3,5.0,1.2,2.0,1155.0,37459.0,44091.0,29.9,26.1,31.0,8.0,19.6,74.0,False,True,False
0363FE01,Dichtersbuurt,0363FE,Slotermeer-Zuidoost,605,620,12.0,88.0,86.0,0.0,100.0,296000.0,610.0,1390.0,,19.9,18.0,14.6,25.5,13.0,5.9,3.1,322.0,28030.0,35425.0,41.4,34.5,51.0,5.0,47.5,34.0,False,True,False
0363FE02,Louis Couperusbuurt,0363FE,Slotermeer-Zuidoost,1270,1315,10.0,90.0,82.0,11.0,89.0,299000.0,680.0,1550.0,,6.5,5.6,23.4,25.8,24.0,8.6,6.0,962.0,30833.0,37932.0,35.6,31.4,44.0,4.0,64.4,82.0,False,True,False
0363FE03,Noordoever Sloterplas,0363FE,Slotermeer-Zuidoost,1616,1770,42.0,58.0,29.0,16.0,84.0,445000.0,400.0,1830.0,,37.9,17.1,29.0,8.1,4.4,1.7,1.8,1178.0,43313.0,53702.0,19.7,15.3,28.0,18.0,16.0,108.0,False,True,False
0363FE04,Sloterpark,0363FE,Slotermeer-Zuidoost,0,0,,,,,,,,,,,,,,,,,,,,,,,,0.0,,False,False,False
0363FF01,Osdorper Bovenpolder,0363FF,Lutkemeer/Ookmeer,279,355,70.0,30.0,5.0,93.0,7.0,751000.0,1290.0,3800.0,,33.8,23.2,14.6,6.0,6.0,3.3,13.2,151.0,47162.0,68762.0,18.2,12.1,26.0,26.0,28.5,56.0,True,True,False
0363FF02,Ookmeer,0363FF,Lutkemeer/Ookmeer,2,5,,,,,,,,,,,,,,,,,,,,,,,,0.0,,False,False,False
0363FF03,Bedrijvenpark Lutkemeer,0363FF,Lutkemeer/Ookmeer,23,30,74.0,26.0,0.0,100.0,0.0,1022000.0,1510.0,4360.0,,42.9,0.0,14.3,21.4,0.0,7.1,14.3,14.0,,,,,42.0,,42.9,7.0,True,True,False
0363FG01,Middelveldsche Akerpolder,0363FG,De Aker,1571,1720,24.0,76.0,47.0,65.0,35.0,460000.0,760.0,2380.0,,50.4,36.8,12.4,0.3,0.0,0.0,0.1,1236.0,45812.0,54020.0,18.4,12.9,22.0,17.0,0.4,2.0,False,True,False
0363FG02,De Aker-West,0363FG,De Aker,1765,1985,65.0,35.0,21.0,58.0,42.0,526000.0,580.0,2560.0,,69.5,28.6,1.7,0.1,0.0,0.0,0.1,1156.0,57345.0,65778.0,14.4,10.0,20.0,30.0,0.2,2.0,False,True,False
0363FG03,De Aker-Oost,0363FG,De Aker,2134,2360,67.0,33.0,22.0,70.0,30.0,581000.0,750.0,2880.0,15.0,66.0,26.8,5.5,0.6,0.2,0.4,0.5,1210.0,61546.0,72977.0,11.5,8.3,16.0,36.0,1.7,25.0,False,True,False
0363FH01,Bedrijvencentrum Osdorp,0363FH,De Punt,43,0,0.0,100.0,0.0,0.0,100.0,192000.0,510.0,1360.0,,100.0,0.0,0.0,0.0,0.0,0.0,0.0,42.0,,,,,,,0.0,0.0,False,True,False
0363FH02,Dijkgraafpleinbuurt,0363FH,De Punt,2600,2800,37.0,63.0,36.0,27.0,73.0,340000.0,420.0,2430.0,,36.2,13.7,24.9,13.1,8.7,2.3,1.1,1849.0,38294.0,46270.0,23.1,18.1,35.0,11.0,25.2,242.0,False,True,False
0363FJ01,Reimerswaal,0363FJ,Osdorp-Midden,1475,1320,11.0,89.0,79.0,5.0,95.0,375000.0,440.0,1760.0,,78.4,15.7,4.5,0.2,0.2,0.5,0.5,1280.0,33712.0,42109.0,36.4,30.9,38.0,8.0,1.3,2.0,False,True,False
0363FJ02,Botteskerkbuurt,0363FJ,Osdorp-Midden,1413,1555,20.0,80.0,66.0,3.0,97.0,363000.0,640.0,1930.0,,68.2,11.8,7.4,5.5,4.2,2.0,0.9,689.0,37070.0,45565.0,30.5,25.5,34.0,11.0,12.6,36.0,False,True,False
0363FJ03,Zuidwestkwadrant-Noord,0363FJ,Osdorp-Midden,1295,1485,24.0,76.0,60.0,0.0,100.0,388000.0,590.0,2020.0,,54.1,18.1,20.2,3.7,3.0,0.7,0.1,934.0,35993.0,45915.0,30.3,25.0,34.0,12.0,7.6,24.0,False,True,False
0363FJ04,Zuidwestkwadrant-Zuid,0363FJ,Osdorp-Midden,2530,3050,42.0,58.0,37.0,9.0,91.0,432000.0,590.0,2140.0,,76.1,12.9,5.8,1.7,1.9,1.4,0.1,1522.0,44091.0,54614.0,18.9,15.8,25.0,18.0,5.1,54.0,False,True,False
0363FK01,Wildeman,0363FK,Osdorp-Oost,2619,2685,10.0,90.0,79.0,1.0,99.0,299000.0,470.0,1540.0,38.0,45.5,10.7,25.4,7.4,3.5,3.5,4.1,2136.0,30530.0,37654.0,41.4,34.9,44.0,5.0,18.4,48.0,False,True,False
0363FK02,Meer en Oever,0363FK,Osdorp-Oost,1541,1665,46.0,53.0,24.0,1.0,99.0,459000.0,460.0,2400.0,,63.8,10.8,9.4,6.4,6.2,2.0,1.3,1028.0,47044.0,53630.0,17.8,13.8,23.0,17.0,16.0,113.0,False,True,False
0363FK03,Osdorpplein e.o.,0363FK,Osdorp-Oost,2307,2495,21.0,78.0,33.0,3.0,97.0,388000.0,270.0,1860.0,,79.8,10.1,5.5,1.4,1.7,1.3,0.2,2288.0,41652.0,48491.0,17.8,14.6,24.0,12.0,4.6,22.0,False,True,False
0363FK04,Calandlaan/Lelylaan,0363FK,Osdorp-Oost,661,675,26.0,74.0,71.0,21.0,79.0,387000.0,650.0,1720.0,,46.6,34.6,16.9,2.0,0.0,0.0,0.0,356.0,34527.0,45017.0,31.2,23.4,37.0,10.0,2.0,3.0,False,True,False
0363FK05,Osdorp-Zuidoost,0363FK,Osdorp-Oost,1923,2420,35.0,65.0,50.0,47.0,53.0,426000.0,730.0,2160.0,,38.2,11.3,25.2,11.4,8.7,3.7,1.6,1386.0,35722.0,46767.0,24.4,17.1,37.0,13.0,25.3,170.0,False,True,False
0363FL01,Oostoever Sloterplas,0363FL,Slotervaart-Noord,1074,1190,64.0,36.0,30.0,32.0,68.0,573000.0,770.0,2250.0,,46.3,47.1,6.7,0.0,0.0,0.0,0.0,629.0,54248.0,63595.0,17.1,10.8,23.0,28.0,0.0,0.0,False,True,False
0363FL02,Emanuel van Meterenbuurt,0363FL,Slotervaart-Noord,926,1025,37.0,63.0,25.0,40.0,60.0,487000.0,650.0,2460.0,,26.3,8.5,32.7,20.1,8.0,2.6,1.8,388.0,40449.0,53864.0,22.3,18.1,30.0,17.0,32.5,111.0,False,True,False
0363FL03,Jacob Geelbuurt,0363FL,Slotervaart-Noord,1399,1555,13.0,87.0,58.0,20.0,80.0,379000.0,350.0,2010.0,,62.8,3.3,23.9,5.5,2.7,1.0,0.8,1049.0,35108.0,40660.0,29.7,25.8,34.0,6.0,9.9,18.0,False,True,False
0363FM01,Lucas/Andreasziekenhuis e.o.,0363FM,Overtoomse Veld,282,1110,0.0,100.0,0.0,0.0,100.0,408000.0,0.0,1360.0,100.0,100.0,0.0,0.0,0.0,0.0,0.0,0.0,282.0,43164.0,45736.0,3.2,3.2,22.0,9.0,0.0,0.0,False,True,True
0363FM02,Overtoomse Veld-Noord,0363FM,Overtoomse Veld,2271,2420,25.0,75.0,53.0,7.0,93.0,496000.0,380.0,2030.0,50.0,64.6,9.6,23.8,1.6,0.3,0.0,0.0,2034.0,44490.0,54675.0,26.5,23.0,26.0,20.0,2.0,11.0,False,True,False
0363FM03,Rembrandtpark-Noord,0363FM,Overtoomse Veld,363,795,0.0,100.0,0.0,0.0,100.0,522000.0,700.0,1680.0,,100.0,0.0,0.0,0.0,0.0,0.0,0.0,360.0,44471.0,54101.0,10.5,7.9,24.0,15.0,0.0,0.0,False,True,False
0363FM04,Overtoomse Veld-Zuid,0363FM,Overtoomse Veld,2537,2695,16.0,84.0,32.0,2.0,98.0,418000.0,240.0,1550.0,,65.6,16.5,10.1,2.2,3.1,0.8,1.7,2266.0,39708.0,48650.0,15.2,12.6,22.0,13.0,7.8,32.0,False,True,False
0363FM05,Rembrandtpark-Zuid,0363FM,Overtoomse Veld,452,530,59.0,40.0,0.0,0.0,100.0,529000.0,20.0,1850.0,,9.2,12.4,48.4,25.6,3.2,0.6,0.6,347.0,56412.0,68742.0,8.5,4.3,13.0,26.0,30.0,80.0,False,True,True
0363FM06,Johan Jongkindbuurt,0363FM,Overtoomse Veld,367,475,0.0,100.0,61.0,0.0,100.0,273000.0,750.0,1400.0,,54.8,22.9,18.1,3.3,0.5,0.0,0.5,210.0,31307.0,35610.0,37.0,34.8,43.0,6.0,4.3,0.0,False,True,False
0363FN01,Louis Crispijnbuurt,0363FN,Slotervaart-Zuid,1528,1670,21.0,78.0,64.0,22.0,78.0,421000.0,700.0,1790.0,,39.0,10.0,32.0,9.2,5.1,3.3,1.4,1025.0,36999.0,45453.0,23.6,18.1,31.0,9.0,18.9,61.0,False,True,False
0363FN02,Jacques Veltmanbuurt,0363FN,Slotervaart-Zuid,2052,2150,21.0,79.0,57.0,18.0,82.0,391000.0,550.0,1610.0,,48.1,15.9,14.6,12.2,3.9,1.9,3.4,1797.0,41058.0,49311.0,20.7,16.7,28.0,13.0,21.4,92.0,False,True,False
0363FN03,Medisch Centrum Slotervaart,0363FN,Slotervaart-Zuid,286,745,0.0,100.0,100.0,0.0,100.0,390000.0,920.0,1590.0,,0.0,0.0,12.3,32.5,34.1,12.3,8.7,252.0,24138.0,25765.0,41.9,38.7,66.0,,87.7,0.0,False,True,False
0363FN04,Staalmanbuurt,0363FN,Slotervaart-Zuid,1595,1715,17.0,83.0,62.0,10.0,90.0,486000.0,110.0,1960.0,,81.7,6.7,9.3,1.0,0.9,0.3,0.1,1452.0,44414.0,54028.0,26.7,22.1,27.0,16.0,2.3,6.0,False,True,True
0363FP01,Schipluidenbuurt,0363FP,Westlandgracht,1275,1445,5.0,95.0,0.0,0.0,100.0,364000.0,0.0,1270.0,,99.9,0.0,0.0,0.0,0.1,0.0,0.0,1344.0,35354.0,40670.0,14.0,11.6,32.0,8.0,0.1,0.0,False,True,True
0363FP02,Koningin Wilhelminaplein,0363FP,Westlandgracht,1973,2225,19.0,81.0,7.0,0.0,100.0,486000.0,230.0,1820.0,,87.2,7.1,5.7,0.0,0.0,0.0,0.0,2051.0,52192.0,60422.0,4.2,2.4,11.0,22.0,0.0,0.0,False,True,False
0363FP03,Andreasterrein,0363FP,Westlandgracht,519,525,47.0,53.0,29.0,3.0,97.0,839000.0,50.0,2450.0,,98.3,0.8,0.0,0.4,0.4,0.0,0.0,242.0,64226.0,83901.0,15.1,11.3,15.0,38.0,0.8,2.0,True,True,True
0363FP04,Delflandpleinbuurt-West,0363FP,Westlandgracht,2941,3160,11.0,88.0,59.0,0.0,100.0,346000.0,180.0,1420.0,,73.4,6.3,13.5,1.9,1.6,0.3,3.0,2741.0,35014.0,43747.0,21.5,18.2,35.0,10.0,6.8,22.0,False,True,False
0363FP05,Delflandpleinbuurt-Oost,0363FP,Westlandgracht,1341,1305,10.0,90.0,65.0,0.0,100.0,320000.0,260.0,1370.0,,53.2,19.5,13.0,5.1,3.5,5.5,0.2,1274.0,33420.0,44294.0,29.6,25.4,38.0,11.0,14.4,19.0,False,True,False
0363FP06,Riekerhaven,0363FP,Westlandgracht,365,370,0.0,100.0,100.0,0.0,100.0,31000.0,390.0,1280.0,,80.0,3.0,14.8,0.0,0.0,1.5,0.7,270.0,24213.0,25176.0,41.7,37.5,74.0,,2.2,0.0,False,True,False
0363FQ01,Dorp Sloten,0363FQ,Sloten/Nieuw-Sloten,273,355,75.0,25.0,5.0,75.0,25.0,621000.0,1050.0,2800.0,,24.1,21.7,25.3,8.4,5.4,1.8,13.3,166.0,56214.0,78929.0,9.4,3.1,16.0,31.0,28.9,59.0,False,True,False
0363FQ02,Nieuw-Sloten-Noordwest,0363FQ,Sloten/Nieuw-Sloten,1219,1300,51.0,49.0,34.0,78.0,22.0,545000.0,760.0,2350.0,,64.9,31.1,3.9,0.0,0.0,0.0,0.0,687.0,56652.0,64567.0,13.0,9.8,17.0,28.0,0.0,0.0,False,True,False
0363FQ03,Nieuw-Sloten-Noordoost,0363FQ,Sloten/Nieuw-Sloten,1361,1475,35.0,65.0,33.0,70.0,30.0,539000.0,780.0,2190.0,,72.4,22.0,5.5,0.0,0.0,0.1,0.0,1039.0,50843.0,60436.0,10.9,6.5,16.0,23.0,0.1,0.0,False,True,False
0363FQ04,Nieuw-Sloten-Zuidwest,0363FQ,Sloten/Nieuw-Sloten,841,905,94.0,6.0,0.0,87.0,13.0,603000.0,810.0,2580.0,,49.1,45.9,4.9,0.0,0.0,0.0,0.0,407.0,75244.0,78706.0,2.3,,6.0,45.0,0.0,0.0,False,True,False
0363FQ05,Belgiëplein e.o.,0363FQ,Sloten/Nieuw-Sloten,639,680,42.0,58.0,39.0,1.0,99.0,434000.0,600.0,1880.0,,55.2,24.8,20.0,0.0,0.0,0.0,0.0,330.0,39603.0,49032.0,22.2,14.3,28.0,15.0,0.0,0.0,False,True,False
0363FQ06,Nieuw-Sloten-Zuidoost,0363FQ,Sloten/Nieuw-Sloten,870,925,20.0,80.0,0.0,66.0,34.0,540000.0,760.0,2010.0,,60.1,35.9,3.9,0.0,0.0,0.0,0.0,735.0,58395.0,63011.0,7.1,4.7,15.0,26.0,0.0,0.0,False,True,False
0363FQ07,Sloterweg e.o.,0363FQ,Sloten/Nieuw-Sloten,128,125,74.0,26.0,0.0,84.0,16.0,1113000.0,1320.0,4260.0,,55.6,11.1,9.5,1.6,7.9,4.8,9.5,63.0,78684.0,96980.0,,,,46.0,23.8,23.0,True,True,False
0363FQ08,Park Haagseweg,0363FQ,Sloten/Nieuw-Sloten,440,450,92.0,8.0,0.0,56.0,44.0,642000.0,780.0,2570.0,,37.1,33.0,29.0,0.9,0.0,0.0,0.0,224.0,70706.0,83612.0,4.4,,5.0,42.0,0.9,4.0,False,True,False
0363FQ09,Riekerpolder,0363FQ,Sloten/Nieuw-Sloten,370,410,1.0,99.0,0.0,1.0,99.0,412000.0,10.0,1740.0,,99.5,0.0,0.0,0.0,0.5,0.0,0.0,368.0,49033.0,57810.0,5.3,2.6,10.0,14.0,0.5,0.0,False,True,True
0363FQ10,Nieuwe Meer,0363FQ,Sloten/Nieuw-Sloten,4,85,,,,,,,,,,0.0,0.0,50.0,0.0,0.0,0.0,50.0,2.0,,,,,56.0,,50.0,,False,True,False
0363KA01,Westlandgrachtbuurt,0363KA,Hoofddorppleinbuurt,2075,2115,37.0,63.0,15.0,0.0,100.0,529000.0,650.0,1780.0,,19.3,15.3,24.1,17.1,11.4,4.7,8.1,1535.0,49682.0,64339.0,12.8,8.2,21.0,26.0,41.3,317.0,False,True,False
0363KA02,Surinamepleinbuurt,0363KA,Hoofddorppleinbuurt,870,790,44.0,56.0,10.0,8.0,92.0,628000.0,850.0,1870.0,,21.6,13.1,26.1,19.3,8.3,5.5,6.1,472.0,44452.0,66474.0,14.5,9.6,26.0,25.0,39.2,150.0,False,True,False
0363KA03,Legmeerpleinbuurt,0363KA,Hoofddorppleinbuurt,948,960,35.0,65.0,7.0,3.0,97.0,580000.0,740.0,1870.0,,18.0,12.1,25.7,18.8,11.4,5.9,8.1,643.0,47424.0,63242.0,13.6,8.0,21.0,23.0,44.2,147.0,False,True,False
0363KA04,Aalsmeerwegbuurt-West,0363KA,Hoofddorppleinbuurt,1473,1495,48.0,52.0,8.0,0.0,100.0,504000.0,660.0,1730.0,,12.6,12.2,28.7,25.2,10.6,5.7,5.1,1089.0,52226.0,64289.0,10.9,7.3,19.0,26.0,46.5,329.0,False,True,False
0363KA05,Aalsmeerwegbuurt-Oost,0363KA,Hoofddorppleinbuurt,1275,1315,42.0,58.0,16.0,2.0,98.0,543000.0,710.0,1780.0,,14.7,11.8,24.3,27.4,12.1,4.0,5.7,946.0,49058.0,64210.0,14.0,9.9,22.0,24.0,49.2,263.0,False,True,False
0363KA06,Bedrijventerrein Schinkel,0363KA,Hoofddorppleinbuurt,7,220,,,,,,,,,,50.0,20.0,10.0,0.0,0.0,0.0,20.0,10.0,,,,,38.0,21.0,20.0,,False,True,False
0363KB01,Schinkelbuurt-Noord,0363KB,Schinkelbuurt,1478,1550,35.0,65.0,22.0,1.0,99.0,540000.0,660.0,1690.0,,21.8,13.4,26.0,22.1,7.9,3.8,4.9,1121.0,45520.0,62436.0,14.3,10.0,24.0,21.0,38.8,201.0,False,True,False
0363KB02,Schinkelbuurt-Zuid,0363KB,Schinkelbuurt,958,895,18.0,82.0,48.0,2.0,98.0,503000.0,690.0,1600.0,,42.9,8.1,16.9,12.7,9.2,6.5,3.6,921.0,36002.0,46622.0,21.2,16.5,34.0,12.0,32.0,55.0,False,True,False
0363KC01,Vondelpark-West,0363KC,Willemspark,0,0,,,,,,,,,,,,,,,,,,,,,,,,0.0,,False,False,False
0363KC02,Willemsparkbuurt-Noord,0363KC,Willemspark,810,790,49.0,51.0,5.0,12.0,88.0,1405000.0,1140.0,2820.0,,33.6,9.4,21.7,16.5,7.2,5.3,6.2,544.0,64533.0,251463.0,11.4,4.3,19.0,45.0,35.3,140.0,True,True,False
0363KC03,Valeriusbuurt-West,0363KC,Willemspark,1266,1260,46.0,53.0,17.0,2.0,98.0,980000.0,1010.0,2380.0,,15.9,15.4,28.8,18.5,10.2,5.5,5.7,793.0,66844.0,113400.0,10.3,5.1,16.0,40.0,40.0,233.0,True,True,False
0363KC04,Valeriusbuurt-Oost,0363KC,Willemspark,704,650,59.0,41.0,1.0,3.0,97.0,1436000.0,1140.0,2940.0,,36.2,10.5,21.4,13.1,6.9,5.0,6.9,420.0,89872.0,274974.0,8.6,3.4,13.0,53.0,31.9,133.0,True,True,False
0363KD01,Vondelpark-Oost,0363KD,Museumkwartier,3,0,,,,,,,,,,0.0,0.0,0.0,0.0,50.0,0.0,50.0,2.0,,,,,,,100.0,,False,True,False
0363KD02,Cornelis Schuytbuurt,0363KD,Museumkwartier,1524,1445,56.0,44.0,2.0,8.0,92.0,1491000.0,1160.0,2850.0,,26.6,14.5,23.9,15.8,8.7,4.4,6.1,967.0,81290.0,250318.0,7.8,3.1,13.0,51.0,35.1,299.0,True,True,False
0363KD03,Concertgebouwbuurt,0363KD,Museumkwartier,1041,975,56.0,44.0,6.0,10.0,90.0,1348000.0,1090.0,2830.0,,31.9,14.5,21.2,15.1,7.6,5.6,4.1,675.0,68665.0,234282.0,9.3,3.5,15.0,44.0,32.4,189.0,True,True,False
0363KD04,P.C. Hooftbuurt,0363KD,Museumkwartier,524,460,35.0,65.0,1.0,6.0,94.0,1234000.0,970.0,2510.0,,31.2,11.3,23.8,9.1,11.3,6.6,6.6,362.0,62960.0,318621.0,12.2,4.9,19.0,41.0,33.7,62.0,True,True,False
0363KD05,Museumplein,0363KD,Museumkwartier,5,5,,,,,,,2210.0,2850.0,,0.0,0.0,0.0,0.0,0.0,50.0,50.0,2.0,,,,,,,100.0,,False,True,False
0363KD06,Banpleinbuurt,0363KD,Museumkwartier,357,390,57.0,43.0,2.0,29.0,71.0,1761000.0,1370.0,3130.0,,28.0,11.2,22.4,14.7,10.5,10.5,2.8,143.0,77114.0,183498.0,8.6,,14.0,50.0,38.5,78.0,True,True,False
0363KD07,Hondecoeterbuurt,0363KD,Museumkwartier,1084,1090,42.0,58.0,6.0,1.0,99.0,1069000.0,980.0,2400.0,,21.6,14.4,27.1,17.1,10.3,4.4,5.1,680.0,59763.0,136759.0,9.8,3.9,18.0,37.0,36.9,168.0,True,True,False
0363KD08,Johannes Vermeerbuurt,0363KD,Museumkwartier,810,785,49.0,51.0,3.0,3.0,97.0,1218000.0,1040.0,2630.0,,31.3,14.1,25.8,14.1,8.8,3.1,2.9,524.0,71802.0,145233.0,9.9,4.2,15.0,42.0,28.8,114.0,True,True,False
0363KD09,Duivelseiland,0363KD,Museumkwartier,885,860,35.0,65.0,11.0,0.0,100.0,611000.0,650.0,1760.0,,20.4,14.1,31.4,16.7,8.4,3.6,5.3,675.0,48475.0,72678.0,14.3,7.8,24.0,26.0,34.1,106.0,False,True,False
0363KD10,Harmoniehofbuurt,0363KD,Museumkwartier,883,865,0.0,100.0,0.0,1.0,99.0,649000.0,940.0,1600.0,,9.3,33.3,38.3,12.3,4.9,1.2,0.6,162.0,41543.0,49631.0,10.6,4.7,20.0,13.0,19.1,0.0,False,True,False
0363KE01,Frans Halsbuurt,0363KE,Oude Pijp,1748,1760,30.0,70.0,23.0,1.0,99.0,553000.0,620.0,1660.0,,28.4,14.8,25.4,13.9,8.3,3.6,5.7,1321.0,40618.0,62027.0,17.0,10.5,29.0,19.0,31.5,165.0,False,True,False
0363KE02,Gerard Doubuurt,0363KE,Oude Pijp,1341,1365,26.0,74.0,36.0,0.0,100.0,541000.0,600.0,1640.0,,37.3,16.3,23.5,9.1,5.8,3.0,5.1,1106.0,38738.0,52942.0,22.9,15.3,33.0,16.0,23.0,80.0,False,True,False
0363KE03,Hercules Seghersbuurt,0363KE,Oude Pijp,1692,1735,21.0,79.0,36.0,0.0,100.0,485000.0,550.0,1540.0,,33.0,21.0,24.6,11.0,4.7,2.3,3.4,1422.0,37260.0,48578.0,21.3,14.7,31.0,12.0,21.4,76.0,False,True,False
0363KE04,Sarphatiparkbuurt,0363KE,Oude Pijp,3366,3450,27.0,73.0,19.0,0.0,100.0,512000.0,600.0,1620.0,,34.7,15.0,23.2,12.8,6.5,3.3,4.6,2574.0,39053.0,54003.0,18.4,12.3,30.0,16.0,27.2,247.0,False,True,False
0363KE05,Hemonybuurt,0363KE,Oude Pijp,1561,1700,32.0,68.0,20.0,1.0,99.0,638000.0,680.0,1850.0,,28.9,16.2,26.4,13.7,7.1,4.1,3.7,1133.0,44132.0,67905.0,14.6,9.7,25.0,23.0,28.6,143.0,False,True,False
0363KF01,Cornelis Troostbuurt,0363KF,Nieuwe Pijp,2208,2325,32.0,68.0,21.0,0.0,100.0,518000.0,630.0,1610.0,,24.7,14.8,25.8,16.1,8.5,3.6,6.3,1592.0,42324.0,58183.0,19.5,13.2,28.0,19.0,34.6,245.0,False,True,False
0363KF02,Lizzy Ansinghbuurt,0363KF,Nieuwe Pijp,1424,1445,26.0,74.0,35.0,0.0,100.0,513000.0,640.0,1590.0,,23.0,18.0,30.6,13.8,5.8,4.4,4.4,1158.0,40241.0,54252.0,22.6,14.3,29.0,17.0,28.4,105.0,False,True,False
0363KF03,Van der Helstpleinbuurt,0363KF,Nieuwe Pijp,2519,2520,29.0,71.0,27.0,0.0,100.0,531000.0,580.0,1640.0,,38.0,15.7,19.5,11.6,6.7,2.4,6.1,1802.0,42703.0,58122.0,16.7,11.5,27.0,20.0,26.8,196.0,False,True,False
0363KF04,Willibrordusbuurt,0363KF,Nieuwe Pijp,1839,1840,26.0,74.0,35.0,1.0,99.0,505000.0,620.0,1660.0,,39.7,13.0,20.1,11.2,8.1,2.8,5.1,1236.0,33791.0,53392.0,26.9,19.4,38.0,16.0,27.2,130.0,False,True,False
0363KG01,BurgemeesterTellegenbuurt-West,0363KG,Zuid Pijp,1316,1315,15.0,84.0,77.0,0.0,100.0,465000.0,700.0,1520.0,,2.3,4.0,15.6,42.7,16.9,7.2,11.2,1067.0,34054.0,43982.0,32.5,23.6,40.0,10.0,78.1,154.0,False,True,False
0363KG02,Burgemeester Tellegenbuurt-Oost,0363KG,Zuid Pijp,1628,1615,17.0,83.0,64.0,0.0,100.0,470000.0,680.0,1550.0,,10.6,10.0,24.8,27.1,14.4,7.8,5.2,1304.0,36165.0,45761.0,28.1,21.6,36.0,11.0,54.6,151.0,False,True,False
0363KG03,Diamantbuurt,0363KG,Zuid Pijp,1688,1730,17.0,83.0,65.0,4.0,96.0,499000.0,730.0,1550.0,,7.8,5.8,38.3,24.6,11.3,7.3,5.0,964.0,34174.0,49881.0,33.3,25.9,41.0,12.0,48.1,138.0,False,True,False
0363KH01,Bertelmanpleinbuurt,0363KH,Stadionbuurt,649,625,6.0,94.0,91.0,0.0,100.0,493000.0,680.0,1330.0,,3.2,51.3,23.4,15.4,3.8,2.2,0.6,495.0,34217.0,41619.0,28.3,21.7,36.0,7.0,22.0,9.0,False,True,False
0363KH02,Olympisch Stadion e.o.,0363KH,Stadionbuurt,1200,1195,9.0,91.0,26.0,0.0,100.0,761000.0,80.0,2040.0,,89.7,1.9,3.4,3.6,0.9,0.2,0.3,909.0,54612.0,80417.0,16.8,10.6,20.0,33.0,5.1,5.0,True,True,True
0363KH03,Marathonbuurt-West,0363KH,Stadionbuurt,1525,1495,17.0,83.0,76.0,0.0,100.0,426000.0,640.0,1380.0,,8.4,6.9,40.5,24.7,10.5,6.7,2.3,1290.0,32211.0,40587.0,35.5,26.2,42.0,8.0,44.3,115.0,False,True,False
0363KH04,Marathonbuurt-Oost,0363KH,Stadionbuurt,876,870,13.0,87.0,78.0,1.0,99.0,529000.0,740.0,1490.0,,11.6,6.5,22.5,27.3,17.5,8.5,6.0,550.0,36958.0,47904.0,25.6,20.7,35.0,12.0,59.3,67.0,False,True,False
0363KH05,Van Tuyllbuurt,0363KH,Stadionbuurt,2336,2385,29.0,70.0,17.0,1.0,99.0,592000.0,770.0,1830.0,,15.0,12.3,28.5,21.2,10.8,5.2,7.0,1697.0,49525.0,64663.0,13.0,7.6,21.0,26.0,44.2,299.0,False,True,False
0363KH06,IJsbaanpad e.o.,0363KH,Stadionbuurt,3,210,,,,,,,,,,56.0,8.0,16.0,4.0,0.0,12.0,4.0,25.0,65777.0,77908.0,,,11.0,47.0,20.0,,False,True,False
0363KJ01,Hiltonbuurt,0363KJ,Apollobuurt,33,25,58.0,42.0,0.0,88.0,12.0,,2100.0,4450.0,,27.3,0.0,18.2,18.2,9.1,18.2,9.1,11.0,,,,,,70.0,54.5,10.0,False,True,False
0363KJ02,Minervabuurt-Noord,0363KJ,Apollobuurt,621,610,64.0,36.0,0.0,8.0,92.0,1401000.0,1430.0,3160.0,,12.3,11.2,30.7,17.1,14.7,6.4,7.5,374.0,87304.0,182911.0,6.8,5.1,12.0,54.0,45.7,182.0,True,True,False
0363KJ03,Minervabuurt-Midden,0363KJ,Apollobuurt,1121,1145,59.0,41.0,0.0,7.0,93.0,1181000.0,1370.0,2850.0,,9.8,10.6,25.7,23.3,13.3,10.1,7.1,592.0,81869.0,141361.0,7.5,2.8,12.0,51.0,53.9,356.0,True,True,False
0363KJ04,Minervabuurt-Zuid,0363KJ,Apollobuurt,1266,1270,50.0,50.0,0.0,4.0,96.0,984000.0,1070.0,2630.0,,6.1,8.1,31.8,19.9,13.8,10.5,9.8,754.0,67480.0,101388.0,8.2,3.3,15.0,41.0,54.0,342.0,True,True,False
0363KJ05,Beethovenbuurt,0363KJ,Apollobuurt,570,690,51.0,49.0,11.0,32.0,68.0,1494000.0,1300.0,3170.0,,22.8,15.1,26.2,12.9,9.8,6.8,6.5,325.0,57505.0,148211.0,16.4,8.2,21.0,43.0,36.0,105.0,True,True,False
0363KJ06,Diepenbrockbuurt,0363KJ,Apollobuurt,327,325,67.0,33.0,0.0,62.0,38.0,2286000.0,1650.0,3880.0,,17.7,8.2,23.4,15.2,8.2,12.0,15.2,158.0,103034.0,516745.0,10.0,3.3,13.0,60.0,50.6,111.0,True,True,False
0363KK01,Wielingenbuurt,0363KK,Scheldebuurt,1487,1555,34.0,66.0,12.0,3.0,97.0,746000.0,900.0,2200.0,,15.9,12.5,31.7,18.1,12.0,5.5,4.3,1042.0,56337.0,83266.0,11.5,5.4,17.0,33.0,39.9,202.0,True,True,False
0363KK02,Scheldebuurt-West,0363KK,Scheldebuurt,2300,2440,32.0,68.0,17.0,0.0,100.0,667000.0,830.0,2010.0,,16.4,11.8,27.7,24.8,11.1,4.5,3.7,1671.0,53260.0,73122.0,12.6,7.4,21.0,29.0,44.1,325.0,True,True,False
0363KK03,Scheldebuurt-Midden,0363KK,Scheldebuurt,1579,1675,41.0,59.0,10.0,0.0,100.0,697000.0,860.0,2120.0,,10.6,11.7,32.6,24.6,10.8,5.4,4.4,1102.0,53827.0,74571.0,11.5,6.4,18.0,32.0,45.1,292.0,True,True,False
0363KK04,Scheldebuurt-Oost,0363KK,Scheldebuurt,1197,1320,38.0,62.0,13.0,0.0,100.0,629000.0,850.0,1990.0,,14.9,12.1,30.8,23.3,9.2,6.0,3.8,738.0,51269.0,66130.0,10.5,6.5,18.0,27.0,42.3,192.0,False,True,False
0363KK05,Veluwebuurt,0363KK,Scheldebuurt,937,690,10.0,90.0,39.0,9.0,91.0,483000.0,520.0,2190.0,,58.6,1.7,22.6,3.1,7.2,3.3,3.4,817.0,39062.0,51082.0,23.0,13.5,36.0,15.0,17.0,16.0,False,True,False
0363KK06,Kop Zuidas,0363KK,Scheldebuurt,656,600,16.0,84.0,21.0,0.0,100.0,566000.0,230.0,1760.0,,98.4,1.6,0.0,0.0,0.0,0.0,0.0,568.0,57825.0,75946.0,11.8,9.8,6.0,42.0,0.0,0.0,False,True,False
0363KL01,IJselbuurt-West,0363KL,IJselbuurt,1484,1560,18.0,82.0,41.0,0.0,100.0,487000.0,650.0,1530.0,,20.4,9.5,28.2,22.1,12.0,4.4,3.5,1149.0,36974.0,49393.0,25.9,19.4,36.0,14.0,41.9,112.0,False,True,False
0363KL02,IJselbuurt-Oost,0363KL,IJselbuurt,1550,1755,18.0,82.0,44.0,0.0,100.0,541000.0,730.0,1710.0,,14.5,14.2,37.1,20.3,8.7,2.9,2.1,1258.0,39889.0,51734.0,18.1,12.9,26.0,16.0,34.1,95.0,False,True,False
0363KM01,Kromme Mijdrechtbuurt,0363KM,Rijnbuurt,1462,1430,20.0,80.0,47.0,0.0,100.0,495000.0,660.0,1550.0,,29.7,4.7,23.8,22.1,7.9,6.0,5.9,1258.0,37380.0,50372.0,23.4,17.5,33.0,13.0,41.9,122.0,False,True,False
0363KM02,Rijnbuurt-West,0363KM,Rijnbuurt,1073,1050,12.0,87.0,82.0,0.0,100.0,451000.0,640.0,1280.0,,7.4,11.6,45.0,26.5,7.2,1.8,0.5,945.0,29656.0,42310.0,38.4,28.3,48.0,7.0,36.0,46.0,False,True,False
0363KM03,Rijnbuurt-Midden,0363KM,Rijnbuurt,1260,1315,23.0,77.0,12.0,2.0,98.0,540000.0,720.0,1680.0,,18.9,11.7,30.3,21.4,8.1,3.7,5.9,916.0,45222.0,58925.0,16.0,10.1,23.0,21.0,39.1,113.0,False,True,False
0363KM04,Rijnbuurt-Oost,0363KM,Rijnbuurt,1530,1650,33.0,67.0,17.0,0.0,100.0,522000.0,700.0,1710.0,,13.3,11.0,29.8,21.6,12.8,5.5,6.0,1073.0,45278.0,58322.0,15.0,9.5,24.0,22.0,45.9,232.0,False,True,False
0363KM05,Zorgvlied,0363KM,Rijnbuurt,15,20,,,,,,,2520.0,4920.0,,28.6,14.3,42.9,0.0,0.0,14.3,0.0,7.0,,,,,,,14.3,,False,True,False
0363KN01,Prinses Irenebuurt,0363KN,Prinses Irenebuurt e.o.,696,680,74.0,25.0,0.0,33.0,67.0,1129000.0,1110.0,2950.0,,9.1,6.8,27.1,18.3,20.6,10.9,7.1,339.0,69869.0,154877.0,4.8,,8.0,45.0,56.9,293.0,True,True,False
0363KN02,Beatrixpark,0363KN,Prinses Irenebuurt e.o.,0,0,,,,,,,,,,,,,,,,,,,,,,,,0.0,,False,False,False
0363KP01,Zuidas-Noord,0363KP,Zuidas,177,345,31.0,69.0,0.0,1.0,99.0,862000.0,,2040.0,,100.0,0.0,0.0,0.0,0.0,0.0,0.0,176.0,64927.0,79770.0,,,17.0,35.0,0.0,0.0,True,True,False
0363KP02,RAI,0363KP,Zuidas,0,0,,,,,,,,,,,,,,,,,,,,,,,,0.0,,False,False,False
0363KP03,VU-kwartier,0363KP,Zuidas,38,330,53.0,47.0,5.0,13.0,87.0,720000.0,770.0,2220.0,,97.5,1.6,0.5,0.0,0.0,0.5,0.0,440.0,,,,,21.0,16.0,0.5,0.0,True,True,False
0363KP04,Zuidas-Zuid,0363KP,Zuidas,1581,1575,25.0,74.0,11.0,0.0,100.0,875000.0,0.0,2460.0,75.0,99.8,0.2,0.0,0.0,0.0,0.0,0.0,1316.0,62201.0,110144.0,4.3,2.2,10.0,37.0,0.0,0.0,True,True,True
0363KP05,Vivaldi,0363KP,Zuidas,1082,1065,5.0,95.0,0.0,0.0,100.0,337000.0,0.0,1450.0,100.0,28.2,54.0,17.8,0.0,0.0,0.0,0.0,1120.0,30462.0,49389.0,25.0,21.7,44.0,11.0,0.0,0.0,False,True,True
0363KQ01,Amsterdamse Bos,0363KQ,Buitenveldert-West,22,35,45.0,55.0,0.0,77.0,23.0,595000.0,1130.0,2810.0,,40.0,10.0,20.0,0.0,20.0,0.0,10.0,10.0,,,,,,,30.0,3.0,False,True,False
0363KQ02,Zuiderhof,0363KQ,Buitenveldert-West,3,25,,,,,,,,,,,,,,,,,,,,,,,,0.0,,False,False,False
0363KQ03,Buitenveldert-West-Midden,0363KQ,Buitenveldert-West,509,525,53.0,47.0,30.0,34.0,66.0,946000.0,960.0,2640.0,,64.2,18.6,10.1,3.1,1.4,0.8,1.7,355.0,53598.0,151908.0,14.3,8.2,22.0,34.0,7.0,19.0,True,True,False
0363KQ04,Gelderlandpleinbuurt,0363KQ,Buitenveldert-West,2670,2920,36.0,64.0,27.0,1.0,99.0,494000.0,720.0,1930.0,,26.2,13.7,28.8,15.8,10.3,3.3,1.9,2080.0,44440.0,60164.0,15.4,8.7,24.0,19.0,31.3,301.0,False,True,False
0363KQ05,Buitenveldert-Zuidwest,0363KQ,Buitenveldert-West,2576,2570,36.0,64.0,25.0,23.0,77.0,581000.0,500.0,2050.0,,44.7,13.5,21.2,9.8,5.7,3.3,1.9,1966.0,43568.0,66168.0,19.7,13.0,32.0,23.0,20.6,191.0,False,True,False
0363KQ06,Buitenveldert-Zuid-Midden,0363KQ,Buitenveldert-West,2056,2110,47.0,53.0,18.0,11.0,89.0,506000.0,610.0,2560.0,,8.6,9.8,26.3,22.4,18.8,8.6,5.6,1286.0,47660.0,63885.0,12.6,8.4,19.0,20.0,55.4,535.0,False,True,False
0363KR01,De Klenckebuurt,0363KR,Buitenveldert-Oost,406,400,36.0,64.0,9.0,0.0,100.0,598000.0,560.0,1730.0,,46.2,27.7,25.5,0.3,0.3,0.0,0.0,318.0,52908.0,63117.0,7.7,2.6,15.0,23.0,0.6,1.0,False,True,False
0363KR02,Buitenveldert-Oost-Midden,0363KR,Buitenveldert-Oost,1938,1945,26.0,73.0,46.0,0.0,100.0,466000.0,560.0,1700.0,,27.5,19.4,36.4,9.4,5.0,1.8,0.6,1587.0,38964.0,50253.0,25.1,17.5,29.0,15.0,16.8,84.0,False,True,False
0363KR03,Buitenveldert-Zuidoost,0363KR,Buitenveldert-Oost,2210,2310,41.0,59.0,15.0,14.0,86.0,542000.0,680.0,2250.0,,23.6,12.4,33.4,20.3,6.2,3.1,1.1,1624.0,44722.0,70779.0,13.7,8.4,22.0,23.0,30.6,277.0,False,True,False
0363KR04,Amstelpark,0363KR,Buitenveldert-Oost,6,5,,,,,,,1660.0,3280.0,,0.0,25.0,25.0,50.0,0.0,0.0,0.0,4.0,,,,,,,50.0,,False,True,False
0363MA01,Java-eiland,0363MA,Oostelijk Havengebied,1572,1725,33.0,67.0,20.0,4.0,96.0,706000.0,50.0,1840.0,,80.5,17.9,1.3,0.2,0.1,0.0,0.0,1092.0,53424.0,65915.0,11.8,7.6,20.0,27.0,0.3,1.0,True,True,True
0363MA02,KNSM-eiland,0363MA,Oostelijk Havengebied,1324,1375,49.0,51.0,45.0,0.0,100.0,594000.0,580.0,1760.0,,26.2,56.1,16.7,0.2,0.4,0.1,0.3,963.0,51746.0,61341.0,13.6,7.6,19.0,23.0,1.0,7.0,False,True,False
0363MA03,Oostelijke Handelskade,0363MA,Oostelijk Havengebied,752,785,26.0,74.0,45.0,0.0,100.0,697000.0,790.0,2620.0,,63.9,7.8,25.4,2.8,0.0,0.0,0.0,637.0,64612.0,81743.0,9.6,5.5,10.0,34.0,2.8,6.0,True,True,False
0363MA04,Rietlanden,0363MA,Oostelijk Havengebied,1220,1275,40.0,60.0,34.0,5.0,95.0,641000.0,260.0,2040.0,,83.0,9.8,2.5,1.5,1.7,0.8,0.6,866.0,58188.0,69017.0,12.5,9.2,18.0,31.0,4.6,23.0,False,True,False
0363MA05,Sporenburg,0363MA,Oostelijk Havengebied,1111,1165,49.0,51.0,34.0,34.0,66.0,730000.0,0.0,2180.0,,94.1,5.1,0.4,0.1,0.0,0.0,0.3,744.0,73032.0,88093.0,7.2,4.5,12.0,42.0,0.4,2.0,True,True,True
0363MA06,Borneo,0363MA,Oostelijk Havengebied,1104,1215,38.0,62.0,25.0,17.0,83.0,782000.0,60.0,2240.0,,82.5,13.5,3.9,0.0,0.1,0.0,0.0,853.0,64705.0,76266.0,11.9,7.6,15.0,36.0,0.1,0.0,True,True,True
0363MA07,Entrepot-Noordwest,0363MA,Oostelijk Havengebied,999,1010,26.0,74.0,49.0,0.0,100.0,495000.0,380.0,1800.0,,69.3,22.4,8.1,0.1,0.0,0.1,0.0,875.0,44180.0,53876.0,20.8,16.7,25.0,16.0,0.2,1.0,False,True,False
0363MA08,Bedrijvengebied Veelaan,0363MA,Oostelijk Havengebied,18,20,,,,,,,1230.0,2550.0,,8.3,16.7,8.3,8.3,0.0,8.3,50.0,12.0,,,,,,,66.7,,False,True,False
0363MA09,Architectenbuurt,0363MA,Oostelijk Havengebied,1004,1020,57.0,43.0,33.0,2.0,98.0,509000.0,600.0,1650.0,,32.0,28.2,27.2,7.6,2.5,1.3,1.3,688.0,48308.0,56358.0,15.3,11.2,22.0,18.0,12.6,72.0,False,True,False
0363MA10,Cruquiusbuurt,0363MA,Oostelijk Havengebied,1438,1450,33.0,67.0,8.0,0.0,100.0,660000.0,30.0,2360.0,,94.3,0.0,2.1,2.2,1.0,0.3,0.1,1437.0,63220.0,76553.0,5.4,3.9,10.0,35.0,3.6,17.0,False,True,True
0363MA11,Bedrijvengebied Zeeburgerkade,0363MA,Oostelijk Havengebied,43,165,12.0,88.0,2.0,5.0,95.0,559000.0,370.0,2220.0,,77.1,6.2,4.2,8.3,2.1,2.1,0.0,48.0,40097.0,53254.0,,,24.0,12.0,12.5,1.0,False,True,False
0363MB01,Weesperzijde-Noord,0363MB,Weesperzijde,1131,1175,47.0,53.0,20.0,1.0,99.0,638000.0,700.0,1880.0,,30.8,17.0,26.2,13.1,5.6,2.2,5.1,770.0,51368.0,76806.0,12.9,7.9,20.0,30.0,26.0,138.0,False,True,False
0363MB02,Weesperzijde-Midden/Zuid,0363MB,Weesperzijde,1830,1920,38.0,62.0,23.0,1.0,99.0,629000.0,640.0,1810.0,,51.1,12.5,18.0,8.7,4.5,2.1,3.2,1362.0,49746.0,67445.0,14.2,10.2,22.0,26.0,18.4,128.0,False,True,False
0363MB03,Parooldriehoek,0363MB,Weesperzijde,120,520,0.0,100.0,100.0,0.0,100.0,453000.0,550.0,1140.0,,100.0,0.0,0.0,0.0,0.0,0.0,0.0,120.0,31192.0,34867.0,30.8,30.8,42.0,,0.0,0.0,False,True,False
0363MC01,Oosterparkbuurt-Noordwest,0363MC,Oosterparkbuurt,2291,2420,25.0,75.0,58.0,0.0,100.0,489000.0,580.0,1510.0,,38.4,29.5,20.6,5.9,2.6,1.4,1.6,1623.0,37235.0,48769.0,23.4,17.8,34.0,14.0,11.5,66.0,False,True,False
0363MC02,Oosterpark,0363MC,Oosterparkbuurt,96,95,1.0,99.0,98.0,0.0,100.0,300000.0,550.0,1210.0,,0.0,2.4,28.6,28.6,21.4,9.5,9.5,84.0,,,,,56.0,,69.0,1.0,False,True,False
0363MC03,Oosterparkbuurt-Zuidwest,0363MC,Oosterparkbuurt,1798,1815,22.0,78.0,66.0,0.0,100.0,493000.0,610.0,1560.0,,32.3,30.0,25.6,8.6,2.0,0.6,0.8,1433.0,35812.0,47926.0,32.3,25.6,38.0,14.0,12.1,48.0,False,True,False
0363MC04,Oosterparkbuurt-Zuidoost,0363MC,Oosterparkbuurt,2082,2115,35.0,65.0,40.0,3.0,97.0,564000.0,670.0,1690.0,,29.9,21.0,23.3,13.6,4.0,3.6,4.7,1465.0,43078.0,57048.0,20.9,15.2,28.0,21.0,25.9,189.0,False,True,False
0363MD01,Transvaalbuurt-West,0363MD,Transvaalbuurt,2154,2270,29.0,71.0,59.0,2.0,98.0,469000.0,680.0,1600.0,,18.9,20.2,34.5,15.4,7.2,2.4,1.4,1658.0,38042.0,49159.0,28.4,22.7,35.0,13.0,26.4,165.0,False,True,False
0363MD02,Transvaalbuurt-Oost,0363MD,Transvaalbuurt,2607,2600,24.0,76.0,56.0,2.0,98.0,525000.0,680.0,1710.0,,43.4,14.7,20.0,12.9,4.7,2.0,2.3,2013.0,39667.0,52060.0,24.4,18.8,31.0,16.0,22.0,137.0,False,True,False
0363ME01,Dapperbuurt-Noord,0363ME,Dapperbuurt,2402,2530,27.0,72.0,59.0,0.0,100.0,475000.0,590.0,1560.0,,36.9,25.3,25.5,9.4,1.6,0.5,0.7,2003.0,36939.0,47661.0,26.7,20.4,35.0,14.0,12.2,79.0,False,True,False
0363ME02,Dapperbuurt-Zuid,0363ME,Dapperbuurt,2121,2255,23.0,77.0,55.0,1.0,99.0,474000.0,610.0,1520.0,,27.1,32.2,31.6,4.5,2.4,1.2,0.9,1769.0,35009.0,46403.0,27.5,22.1,36.0,14.0,9.0,44.0,False,True,False
0363ME03,Oostpoort,0363ME,Dapperbuurt,1059,1050,35.0,65.0,45.0,13.0,87.0,658000.0,510.0,1840.0,,75.0,7.5,8.5,4.7,1.2,1.4,1.7,803.0,44971.0,66304.0,20.0,16.0,28.0,26.0,9.1,34.0,False,True,False
0363MF01,Timorpleinbuurt-Noord,0363MF,Indische Buurt-West,2329,2395,36.0,64.0,43.0,1.0,99.0,488000.0,540.0,1560.0,,44.3,9.5,21.3,12.9,7.8,2.0,2.2,1844.0,42094.0,52002.0,21.9,16.7,31.0,16.0,24.8,208.0,False,True,False
0363MF02,Timorpleinbuurt-Zuid,0363MF,Indische Buurt-West,2434,2595,31.0,69.0,46.0,1.0,99.0,476000.0,630.0,1490.0,,34.8,18.7,25.4,10.3,6.2,2.5,2.3,1853.0,40480.0,48716.0,23.3,18.5,30.0,14.0,21.2,160.0,False,True,False
0363MF03,Ambonpleinbuurt,0363MF,Indische Buurt-West,1949,1970,22.0,78.0,73.0,0.0,100.0,453000.0,680.0,1630.0,,27.6,26.4,39.3,4.8,1.1,0.6,0.2,1263.0,37028.0,46037.0,32.6,26.7,37.0,12.0,6.7,29.0,False,True,False
0363MG01,Makassarpleinbuurt,0363MG,Indische Buurt-Oost,3043,3140,20.0,80.0,68.0,1.0,99.0,455000.0,610.0,1620.0,,38.6,17.4,22.8,13.0,4.0,0.9,3.2,2095.0,34245.0,43344.0,35.5,28.6,40.0,10.0,21.1,129.0,False,True,False
0363MG02,Zeeburgerdijk-Oost,0363MG,Indische Buurt-Oost,196,215,57.0,43.0,35.0,0.0,100.0,652000.0,590.0,2000.0,,81.0,15.0,3.4,0.0,0.7,0.0,0.0,147.0,61592.0,76859.0,10.0,10.0,15.0,29.0,0.7,1.0,False,True,False
0363MG03,Sumatraplantsoenbuurt,0363MG,Indische Buurt-Oost,1851,1930,25.0,75.0,64.0,0.0,100.0,485000.0,600.0,1700.0,,42.9,26.5,24.3,4.6,1.3,0.3,0.1,1134.0,39764.0,48680.0,27.8,22.8,31.0,14.0,6.3,29.0,False,True,False
0363MG04,Flevopark,0363MG,Indische Buurt-Oost,5,10,,,,,,,,,,0.0,0.0,100.0,0.0,0.0,0.0,0.0,1.0,,,,,,,0.0,,False,True,False
0363MH01,Sluisbuurt,0363MH,Zeeburgereiland/Bovendiep,5,310,,,,,,,690.0,3480.0,,99.7,0.2,0.1,0.0,0.0,0.0,0.0,1069.0,,,,,,,0.0,,False,True,False
0363MH02,Sportheldenbuurt,0363MH,Zeeburgereiland/Bovendiep,2524,2535,27.0,73.0,22.0,4.0,96.0,508000.0,0.0,1830.0,,100.0,0.0,0.0,0.0,0.0,0.0,0.0,2312.0,50194.0,60302.0,13.1,10.7,20.0,23.0,0.0,0.0,False,True,True
0363MH03,Oostpunt Zeeburgereiland,0363MH,Zeeburgereiland/Bovendiep,0,0,,,,,,,,,,,,,,,,,,,,,,,,0.0,,False,False,False
0363MH04,Baaibuurt-West,0363MH,Zeeburgereiland/Bovendiep,86,125,1.0,99.0,0.0,3.0,97.0,,610.0,1860.0,,57.1,0.0,0.0,0.0,0.0,14.3,28.6,7.0,26008.0,33110.0,36.4,27.3,68.0,,42.9,0.0,False,True,False
0363MH05,Baaibuurt-Oost,0363MH,Zeeburgereiland/Bovendiep,703,675,0.0,100.0,100.0,0.0,100.0,77000.0,240.0,1230.0,,21.5,18.4,4.8,53.8,1.5,0.0,0.0,586.0,23550.0,27535.0,42.9,42.9,79.0,,55.3,0.0,False,True,False
0363MH06,Bovendiep/Diemerpark,0363MH,Zeeburgereiland/Bovendiep,15,30,,,,,,,1080.0,3710.0,,83.3,0.0,0.0,0.0,0.0,0.0,16.7,6.0,,,,,,,16.7,,False,True,False
0363MJ01,Steigereiland-Zuid,0363MJ,IJburg-West,961,965,57.0,43.0,36.0,47.0,53.0,686000.0,0.0,2980.0,,98.0,2.0,0.0,0.0,0.0,0.0,0.0,537.0,66734.0,83477.0,13.0,9.8,16.0,41.0,0.0,0.0,True,True,True
0363MJ02,Steigereiland-Noord,0363MJ,IJburg-West,1126,1170,30.0,70.0,16.0,21.0,79.0,508000.0,90.0,2420.0,,99.2,0.6,0.0,0.1,0.0,0.1,0.0,891.0,52293.0,66157.0,9.9,8.1,12.0,25.0,0.2,1.0,False,True,True
0363MJ03,Rieteilanden-West,0363MJ,IJburg-West,966,995,66.0,34.0,13.0,56.0,44.0,916000.0,0.0,3230.0,,96.8,3.2,0.0,0.0,0.0,0.0,0.0,661.0,88858.0,114589.0,5.2,3.1,7.0,55.0,0.0,0.0,True,True,True
0363MJ04,Joris Ivenspleinbuurt,0363MJ,IJburg-West,1450,1500,28.0,72.0,43.0,12.0,88.0,503000.0,0.0,2100.0,,86.1,2.7,9.4,1.4,0.2,0.0,0.2,1215.0,46514.0,57813.0,18.1,14.5,22.0,24.0,1.8,7.0,False,True,True
0363MJ05,Ed Pelsterparkbuurt,0363MJ,IJburg-West,2327,2410,45.0,55.0,35.0,17.0,83.0,576000.0,0.0,2440.0,,98.9,1.1,0.0,0.0,0.0,0.0,0.0,1829.0,58965.0,70127.0,14.8,11.4,16.0,31.0,0.0,0.0,False,True,True
0363MK01,Buiteneiland,0363MK,IJburg-Oost,0,0,,,,,,,,,,,,,,,,,,,,,,,,0.0,,False,False,False
0363MK02,Pampusbuurt-West,,,0,0,,,,,,,,,,,,,,,,,,,,,,,,0.0,,False,False,False
0363MK03,Pampusbuurt-Oost,,,0,0,,,,,,,,,,,,,,,,,,,,,,,,0.0,,False,False,False
0363MK04,Centrumeiland,0363MK,IJburg-Oost,635,760,62.0,38.0,21.0,8.0,92.0,699000.0,20.0,2260.0,,100.0,0.0,0.0,0.0,0.0,0.0,0.0,784.0,61470.0,71953.0,8.3,8.3,16.0,33.0,0.0,0.0,True,True,True
0363MK05,Muidenbuurt-West,0363MK,IJburg-Oost,0,0,,,,,,,,,,100.0,0.0,0.0,0.0,0.0,0.0,0.0,275.0,,,,,,,0.0,,False,True,False
0363ML01,Havenkwartier IJburg,0363ML,IJburg-Zuid,1097,1100,23.0,77.0,33.0,7.0,93.0,481000.0,0.0,1900.0,100.0,98.0,2.0,0.0,0.0,0.0,0.0,0.0,972.0,46818.0,54351.0,15.4,12.5,21.0,17.0,0.0,0.0,False,True,True
0363ML02,Theo van Goghparkbuurt,0363ML,IJburg-Zuid,2189,2290,50.0,50.0,39.0,33.0,67.0,662000.0,0.0,2690.0,,97.8,2.2,0.0,0.0,0.0,0.0,0.0,1557.0,68737.0,80623.0,14.4,11.6,15.0,42.0,0.0,0.0,False,True,True
0363ML03,Rieteiland-Oost,0363ML,IJburg-Zuid,90,90,99.0,1.0,0.0,100.0,0.0,1880000.0,0.0,5670.0,,100.0,0.0,0.0,0.0,0.0,0.0,0.0,54.0,,,,,,80.0,0.0,0.0,True,True,True
0363MM01,Van der Kunbuurt,0363MM,Frankendael,271,105,0.0,100.0,100.0,0.0,100.0,414000.0,640.0,1660.0,,0.0,66.7,29.2,2.8,1.4,0.0,0.0,72.0,33500.0,42122.0,33.3,25.0,30.0,7.0,4.2,0.0,False,True,False
0363MM02,De Eenhoorn,0363MM,Frankendael,1698,2090,1.0,99.0,49.0,1.0,99.0,377000.0,310.0,1500.0,,49.4,1.9,41.8,2.1,3.4,0.3,1.1,1590.0,33915.0,43551.0,17.8,15.5,35.0,12.0,6.9,1.0,False,True,False
0363MM03,Don Bosco,0363MM,Frankendael,1063,1110,44.0,56.0,29.0,14.0,86.0,649000.0,760.0,2020.0,,34.5,10.4,20.9,18.9,6.5,3.4,5.4,740.0,52270.0,74684.0,13.3,9.2,22.0,31.0,34.2,160.0,False,True,False
0363MM04,Julianapark,0363MM,Frankendael,862,885,9.0,91.0,12.0,12.0,88.0,586000.0,390.0,1640.0,,82.0,14.1,3.6,0.3,0.0,0.0,0.0,729.0,50836.0,60371.0,6.0,3.6,12.0,23.0,0.3,0.0,False,True,False
0363MM05,Frankendael,0363MM,Frankendael,7,25,,,,,,,,,,86.5,2.7,0.0,0.0,0.0,2.7,8.1,37.0,,,,,,,10.8,,False,True,False
0363MM06,Tuindorp Amstelstation,0363MM,Frankendael,486,485,0.0,100.0,100.0,12.0,88.0,387000.0,810.0,1630.0,,0.0,0.9,33.0,28.5,24.4,9.9,3.4,467.0,30122.0,34453.0,44.4,35.6,47.0,5.0,66.2,0.0,False,True,False
0363MM07,De Wetbuurt,0363MM,Frankendael,883,885,39.0,60.0,48.0,43.0,57.0,620000.0,820.0,1900.0,,12.5,9.0,47.3,17.6,7.7,3.3,2.7,601.0,44034.0,63832.0,19.3,14.5,28.0,23.0,31.3,108.0,False,True,False
0363MM08,Tuindorp Frankendael,0363MM,Frankendael,1613,1605,15.0,85.0,58.0,17.0,83.0,522000.0,650.0,1620.0,,30.2,41.3,14.9,6.4,3.1,2.4,1.7,1380.0,33618.0,50397.0,26.7,20.0,36.0,16.0,13.6,33.0,False,True,False
0363MN01,Linnaeusparkbuurt,0363MN,Middenmeer,1287,1295,46.0,54.0,18.0,6.0,94.0,800000.0,890.0,2140.0,,19.9,12.4,26.9,20.5,9.1,5.3,5.9,767.0,59582.0,90939.0,10.7,7.4,16.0,35.0,40.8,242.0,True,True,False
0363MN02,Middenmeer-Noord,0363MN,Middenmeer,1204,1270,47.0,53.0,21.0,5.0,95.0,791000.0,980.0,2210.0,,16.0,9.8,29.4,23.9,9.8,5.6,5.6,683.0,62072.0,79661.0,11.6,6.6,17.0,37.0,44.8,254.0,True,True,False
0363MN03,Middenmeer-Zuid,0363MN,Middenmeer,2317,2475,50.0,50.0,8.0,4.0,96.0,634000.0,790.0,2170.0,,14.1,11.7,27.0,20.4,15.4,6.6,4.7,1477.0,56154.0,70338.0,8.9,5.3,17.0,31.0,47.2,547.0,False,True,False
0363MN04,Science Park-Noord,0363MN,Middenmeer,1847,2045,14.0,86.0,73.0,0.0,100.0,337000.0,340.0,1580.0,,53.6,14.9,30.7,0.5,0.4,0.0,0.0,1652.0,43896.0,54857.0,8.6,6.2,28.0,22.0,0.8,2.0,False,True,False
0363MN05,Science Park-Zuid,0363MN,Middenmeer,243,275,0.0,100.0,99.0,1.0,99.0,46000.0,390.0,1180.0,,85.4,14.6,0.0,0.0,0.0,0.0,0.0,240.0,25400.0,36078.0,37.5,37.5,63.0,,0.0,0.0,False,True,False
0363MN06,Sportpark Middenmeer-Zuid,0363MN,Middenmeer,189,190,58.0,42.0,39.0,2.0,98.0,626000.0,700.0,1850.0,,33.6,28.0,20.6,11.2,0.9,3.7,1.9,107.0,50628.0,64548.0,16.7,5.6,23.0,19.0,17.8,19.0,False,True,False
0363MN07,Sportpark Middenmeer-Noord,0363MN,Middenmeer,251,230,0.0,100.0,100.0,0.0,100.0,42000.0,320.0,1170.0,,0.0,0.0,99.6,0.4,0.0,0.0,0.0,251.0,25015.0,25322.0,,,71.0,,0.4,0.0,False,True,False
0363MN08,Park de Meer,0363MN,Middenmeer,700,720,64.0,36.0,27.0,30.0,70.0,702000.0,,2250.0,,80.8,17.9,0.8,0.0,0.3,0.0,0.3,375.0,60721.0,70251.0,12.9,8.6,14.0,33.0,0.5,2.0,True,True,False
0363MN09,Sportpark Voorland,0363MN,Middenmeer,0,0,,,,,,,,,,,,,,,,,,,,,,,,0.0,,False,False,False
0363MP01,Drieburg,0363MP,Betondorp,0,0,,,,,,,,,,,,,,,,,,,,,,,,0.0,,False,False,False
0363MP02,Nieuwe Oosterbegraafplaats,0363MP,Betondorp,3,5,,,,,,,,,,,,,,,,,,,,,,,,0.0,,False,False,False
0363MP03,Betondorp,0363MP,Betondorp,1954,1790,20.0,80.0,77.0,31.0,69.0,464000.0,690.0,1480.0,,11.5,25.3,40.2,11.6,6.9,2.8,1.8,1684.0,32930.0,45192.0,32.7,22.8,41.0,8.0,23.0,90.0,False,True,False
0363MQ01,De Omval,0363MQ,Omval/Overamstel,412,430,47.0,53.0,0.0,0.0,100.0,683000.0,,1980.0,99.0,81.1,15.7,2.8,0.4,0.0,0.0,0.0,281.0,67208.0,85028.0,5.1,,9.0,40.0,0.4,1.0,True,True,False
0363MQ02,Overamstel,0363MQ,Omval/Overamstel,8,10,,,,,,,1190.0,6670.0,,50.0,0.0,0.0,25.0,25.0,0.0,0.0,4.0,,,,,,,50.0,,False,True,False
0363MQ03,Amstelglorie,0363MQ,Omval/Overamstel,1,40,,,,,,,,,,77.8,0.0,11.1,0.0,0.0,0.0,11.1,9.0,,,,,,,11.1,,False,True,False
0363MQ04,Amstelkwartier-West,0363MQ,Omval/Overamstel,711,695,0.0,100.0,0.0,0.0,100.0,290000.0,300.0,1460.0,,33.5,21.0,45.4,0.0,0.1,0.0,0.0,786.0,32197.0,39630.0,11.4,11.4,36.0,15.0,0.1,0.0,False,True,False
0363MQ05,Amstelkwartier-Noord,0363MQ,Omval/Overamstel,2088,1980,27.0,73.0,12.0,0.0,100.0,588000.0,,1620.0,,98.5,1.4,0.1,0.0,0.1,0.0,0.0,1912.0,47661.0,73502.0,7.2,4.6,16.0,26.0,0.1,0.0,False,True,False
0363MQ06,Amstelkwartier-Zuid,0363MQ,Omval/Overamstel,3,35,,,,,,,,,,0.0,0.0,0.0,66.7,33.3,0.0,0.0,3.0,,,,,,,100.0,,False,True,False
0363MQ07,Weespertrekvaart,0363MQ,Omval/Overamstel,1198,1275,26.0,74.0,41.0,2.0,98.0,559000.0,30.0,1370.0,,81.0,16.9,2.0,0.1,0.0,0.0,0.0,1434.0,46501.0,69857.0,7.7,5.8,14.0,30.0,0.1,0.0,False,True,True
0363NA01,Noorder IJplas,0363NA,Oostzanerwerf,3,65,,,,,,,,,,42.9,0.0,28.6,0.0,14.3,0.0,14.3,7.0,,,,,,24.0,28.6,,False,True,False
0363NA02,Melkweg/Oostzanerwerf,0363NA,Oostzanerwerf,63,205,0.0,100.0,0.0,3.0,97.0,158000.0,470.0,2280.0,,0.0,0.0,50.0,0.0,50.0,0.0,0.0,2.0,30603.0,36732.0,23.8,19.0,34.0,,50.0,0.0,False,True,False
0363NA03,Walvisbuurt,0363NA,Oostzanerwerf,548,585,70.0,30.0,24.0,88.0,12.0,515000.0,830.0,2670.0,,44.8,36.7,14.2,1.2,0.6,0.9,1.5,324.0,60851.0,65568.0,10.9,7.3,15.0,26.0,4.3,17.0,False,True,False
0363NA04,Twiske-West,0363NA,Oostzanerwerf,981,1040,66.0,34.0,30.0,77.0,23.0,568000.0,840.0,2810.0,,48.5,34.8,6.7,3.0,3.0,2.0,2.0,643.0,61452.0,66979.0,10.9,7.9,13.0,33.0,10.0,64.0,False,True,False
0363NA05,Oostzanerdijk,0363NA,Oostzanerwerf,141,150,74.0,26.0,14.0,82.0,18.0,620000.0,920.0,2900.0,,33.0,16.0,26.6,6.4,5.3,8.5,4.3,94.0,61888.0,67820.0,7.1,,18.0,35.0,24.5,26.0,False,True,False
0363NA06,Circus/Kermisbuurt,0363NA,Oostzanerwerf,643,680,56.0,44.0,37.0,35.0,65.0,393000.0,620.0,2000.0,,32.9,24.5,41.5,1.1,0.0,0.0,0.0,277.0,46202.0,52051.0,15.6,12.5,22.0,14.0,1.1,4.0,False,True,False
0363NA07,Molenwijk,0363NA,Oostzanerwerf,1416,1460,17.0,83.0,79.0,0.0,100.0,286000.0,830.0,1800.0,,32.1,6.3,41.5,15.4,2.5,0.5,1.6,1283.0,34791.0,41218.0,32.4,25.7,37.0,5.0,20.0,48.0,False,True,False
0363NB01,Cornelis Douwesterrein-West,0363NB,Noordelijke IJ-oevers-West,0,5,,,,,,,,,,,,,,,,,,,,,,,,0.0,,False,False,False
0363NB02,Cornelis Douwesterrein-Oost,0363NB,Noordelijke IJ-oevers-West,0,0,,,,,,,,,,,,,,,,,,,,,,,,0.0,,False,False,False
0363NB03,NDSM terrein,0363NB,Noordelijke IJ-oevers-West,2923,3220,6.0,94.0,11.0,0.0,100.0,460000.0,0.0,1460.0,,100.0,0.0,0.0,0.0,0.0,0.0,0.0,2747.0,40452.0,49052.0,11.1,9.8,25.0,9.0,0.0,0.0,False,True,True
0363NB04,Buiksloterham-Zuid,0363NB,Noordelijke IJ-oevers-West,1040,1115,27.0,73.0,34.0,10.0,90.0,610000.0,10.0,1870.0,,99.7,0.1,0.1,0.0,0.0,0.0,0.1,1445.0,48332.0,59280.0,20.0,15.6,29.0,21.0,0.1,0.0,False,True,True
0363NB05,Buiksloterham-Noord,0363NB,Noordelijke IJ-oevers-West,675,795,63.0,36.0,16.0,12.0,88.0,656000.0,20.0,2330.0,,97.0,1.9,0.5,0.2,0.2,0.0,0.3,641.0,63604.0,74451.0,8.7,5.8,16.0,41.0,0.6,3.0,False,True,True
0363NB06,Klaprozenbuurt,0363NB,Noordelijke IJ-oevers-West,17,70,,,,,,,920.0,2540.0,,12.5,6.2,6.2,31.2,37.5,0.0,6.2,16.0,,,,,,26.0,75.0,,False,True,False
0363NB07,Overhoeks,0363NB,Noordelijke IJ-oevers-West,2315,2485,28.0,72.0,30.0,0.0,100.0,655000.0,0.0,1870.0,50.0,99.7,0.2,0.1,0.0,0.0,0.0,0.0,2659.0,65135.0,78687.0,8.4,6.6,16.0,36.0,0.1,1.0,False,True,True
0363NC01,Tuindorp Oostzaan-West,0363NC,Tuindorp Oostzaan,550,545,25.0,75.0,69.0,71.0,29.0,418000.0,740.0,2060.0,,32.6,24.4,26.1,11.6,2.9,2.3,0.2,476.0,36940.0,45119.0,28.3,22.6,33.0,8.0,17.0,23.0,False,True,False
0363NC02,Tuindorp Oostzaan-Oost,0363NC,Tuindorp Oostzaan,2000,2020,31.0,69.0,66.0,95.0,5.0,466000.0,870.0,1980.0,,25.1,17.6,24.3,15.2,8.9,5.8,3.1,1635.0,40107.0,48001.0,25.1,19.0,30.0,12.0,33.1,205.0,False,True,False
0363NC03,Terrasdorp,0363NC,Tuindorp Oostzaan,2118,2210,24.0,76.0,71.0,44.0,56.0,402000.0,610.0,1790.0,,49.7,21.3,15.9,8.5,3.1,0.9,0.5,1511.0,34813.0,42846.0,30.2,23.9,37.0,8.0,13.0,66.0,False,True,False
0363NC04,De Bongerd,0363NC,Tuindorp Oostzaan,1068,1165,70.0,30.0,25.0,66.0,34.0,677000.0,200.0,2470.0,,99.2,0.3,0.1,0.0,0.1,0.1,0.1,737.0,74151.0,74769.0,9.6,7.4,11.0,41.0,0.4,3.0,True,True,False
0363ND01,Twiske-Oost,0363ND,Kadoelen,444,475,54.0,46.0,44.0,78.0,22.0,470000.0,750.0,2390.0,,57.9,22.1,19.9,0.0,0.0,0.0,0.0,271.0,51880.0,59694.0,13.3,11.1,17.0,23.0,0.0,0.0,False,True,False
0363ND02,Kadoelen,0363ND,Kadoelen,903,945,72.0,28.0,24.0,88.0,12.0,731000.0,970.0,3080.0,,37.1,7.9,19.0,16.0,8.7,5.0,6.3,520.0,68530.0,79780.0,9.8,7.6,12.0,40.0,36.0,234.0,True,True,False
0363NE01,Banne-Noordwest,0363NE,Banne Buiksloot,1121,1255,21.0,78.0,72.0,7.0,93.0,337000.0,670.0,1920.0,,23.0,37.8,38.7,0.4,0.0,0.0,0.0,942.0,34866.0,42335.0,30.1,23.9,38.0,8.0,0.4,1.0,False,True,False
0363NE02,Banne-Noordoost,0363NE,Banne Buiksloot,1467,1530,32.0,68.0,63.0,16.0,84.0,384000.0,840.0,2070.0,,38.4,23.7,33.5,3.9,0.5,0.1,0.0,959.0,41882.0,50340.0,25.7,20.8,27.0,12.0,4.5,21.0,False,True,False
0363NE03,Banne-Zuidwest,0363NE,Banne Buiksloot,1418,1535,26.0,74.0,68.0,17.0,83.0,406000.0,600.0,2080.0,,33.0,7.2,41.9,8.6,3.5,3.5,2.3,1100.0,38404.0,47841.0,28.7,24.5,29.0,13.0,17.9,66.0,False,True,False
0363NE04,Banne-Zuidoost,0363NE,Banne Buiksloot,2017,2120,34.0,66.0,52.0,22.0,78.0,439000.0,290.0,1870.0,,77.1,13.3,7.7,1.1,0.5,0.2,0.1,1506.0,39736.0,49758.0,23.5,18.9,29.0,15.0,1.9,13.0,False,True,False
0363NE05,Buiksloterbreek,0363NE,Banne Buiksloot,118,130,97.0,3.0,0.0,90.0,10.0,781000.0,810.0,2860.0,,27.5,66.7,4.3,0.0,1.4,0.0,0.0,69.0,78478.0,84489.0,,,,47.0,1.4,2.0,True,True,False
0363NE06,Marjoleinterrein,0363NE,Banne Buiksloot,148,140,51.0,49.0,38.0,43.0,57.0,518000.0,440.0,2160.0,,25.4,28.2,35.2,4.2,2.8,1.4,2.8,71.0,54436.0,60921.0,15.4,15.4,20.0,25.0,11.3,9.0,False,True,False
0363NF01,Buiksloterdijk-West,0363NF,Nieuwendammerdijk/Buiksloterdijk,60,65,90.0,10.0,0.0,83.0,17.0,1032000.0,1330.0,3130.0,,37.5,12.5,6.2,18.8,6.2,6.2,12.5,16.0,,,,,,53.0,43.8,24.0,True,True,False
0363NF02,Buiksloterdijk-Oost,0363NF,Nieuwendammerdijk/Buiksloterdijk,54,50,96.0,4.0,0.0,89.0,11.0,1253000.0,1340.0,3200.0,,14.3,28.6,9.5,14.3,4.8,14.3,14.3,21.0,,,,,,58.0,47.6,25.0,True,True,False
0363NF03,Nieuwendammerdijk-West,0363NF,Nieuwendammerdijk/Buiksloterdijk,397,405,92.0,8.0,0.0,85.0,15.0,942000.0,1150.0,3000.0,,26.6,15.1,18.0,10.1,10.1,11.5,8.6,139.0,81114.0,97063.0,5.1,,7.0,48.0,40.3,147.0,True,True,False
0363NF04,Nieuwendammerdijk-Oost,0363NF,Nieuwendammerdijk/Buiksloterdijk,124,125,95.0,5.0,1.0,82.0,18.0,985000.0,1210.0,3170.0,,22.0,2.0,30.0,10.0,10.0,14.0,12.0,50.0,90246.0,112865.0,,,,58.0,46.0,54.0,True,True,False
0363NF05,Nieuwendammerdijk-Zuid,0363NF,Nieuwendammerdijk/Buiksloterdijk,0,5,,,,,,,,,,,,,,,,,,,,,,,,0.0,,False,False,False
0363NG01,Elzenhagen-Noord,0363NG,Elzenhagen,1591,1630,40.0,60.0,40.0,46.0,54.0,509000.0,390.0,2050.0,,90.5,9.5,0.1,0.0,0.0,0.0,0.0,1333.0,61122.0,69784.0,11.9,8.9,21.0,36.0,0.0,0.0,False,True,False
0363NG02,Elzenhagen-Zuid,0363NG,Elzenhagen,1336,1390,0.0,100.0,82.0,0.0,100.0,242000.0,0.0,1550.0,,99.9,0.1,0.0,0.0,0.0,0.0,0.0,2102.0,28674.0,33309.0,36.0,33.0,56.0,3.0,0.0,0.0,False,True,True
0363NG03,Nintemanterrein,0363NG,Elzenhagen,40,35,98.0,3.0,0.0,100.0,0.0,888000.0,1120.0,3110.0,,21.7,21.7,56.5,0.0,0.0,0.0,0.0,23.0,,,,,,52.0,0.0,0.0,True,True,False
0363NH01,Buikslotermeer-Noord,0363NH,Buikslotermeer,1250,1635,49.0,51.0,38.0,13.0,87.0,373000.0,710.0,1960.0,23.0,10.5,11.3,33.9,22.3,9.8,6.1,6.1,735.0,38057.0,45971.0,19.0,13.8,32.0,10.0,44.4,272.0,False,True,False
0363NH02,De Kleine Wereld,0363NH,Buikslotermeer,1151,1260,11.0,89.0,84.0,0.0,100.0,318000.0,790.0,1670.0,,11.9,18.2,60.5,6.2,1.1,1.4,0.7,961.0,35477.0,41994.0,32.8,27.6,33.0,5.0,9.5,12.0,False,True,False
0363NH03,Loenermark,0363NH,Buikslotermeer,1200,1300,27.0,73.0,30.0,3.0,97.0,349000.0,350.0,1690.0,,54.0,4.8,12.5,10.3,6.7,9.7,2.0,1014.0,39164.0,45716.0,16.2,12.0,30.0,10.0,28.6,93.0,False,True,False
0363NH04,Buikslotermeerplein,0363NH,Buikslotermeer,792,770,19.0,81.0,63.0,0.0,100.0,405000.0,480.0,1650.0,,62.0,19.3,7.0,11.6,0.0,0.0,0.0,569.0,32289.0,40430.0,34.3,27.1,43.0,6.0,11.6,17.0,False,True,False
0363NH05,Plan van Gool,0363NH,Buikslotermeer,1403,1510,30.0,70.0,63.0,0.0,100.0,379000.0,260.0,1790.0,,21.8,33.7,26.0,9.7,5.0,2.5,1.3,754.0,39885.0,46031.0,26.6,21.7,29.0,10.0,18.6,78.0,False,True,False
0363NH06,Rode Kruisbuurt,0363NH,Buikslotermeer,90,95,93.0,7.0,0.0,98.0,2.0,697000.0,1030.0,2450.0,,19.5,24.4,48.8,7.3,0.0,0.0,0.0,41.0,,,,,,37.0,7.3,6.0,True,True,False
0363NJ01,Markengouw-Noord,0363NJ,Waterlandpleinbuurt,353,390,46.0,54.0,0.0,0.0,100.0,319000.0,690.0,2540.0,,1.7,4.5,31.1,25.4,23.7,10.2,3.4,177.0,43220.0,50978.0,5.7,2.9,16.0,10.0,62.7,102.0,False,True,False
0363NJ02,Markengouw-Midden,0363NJ,Waterlandpleinbuurt,1460,1590,23.0,77.0,71.0,40.0,60.0,438000.0,430.0,2110.0,51.0,60.0,9.0,8.4,16.2,5.8,0.1,0.5,1199.0,45254.0,55001.0,20.8,18.1,21.0,16.0,22.6,76.0,False,True,False
0363NJ03,Markengouw-Zuid,0363NJ,Waterlandpleinbuurt,832,835,28.0,72.0,55.0,17.0,83.0,385000.0,550.0,2200.0,,73.8,3.9,13.1,5.2,1.9,1.7,0.3,687.0,43372.0,51400.0,23.1,20.5,21.0,16.0,9.2,21.0,False,True,False
0363NJ04,Werengouw-Noord,0363NJ,Waterlandpleinbuurt,258,265,72.0,28.0,9.0,1.0,99.0,411000.0,830.0,2900.0,,0.0,1.5,30.4,33.3,20.7,11.1,3.0,135.0,48504.0,53751.0,8.0,8.0,20.0,15.0,68.1,127.0,False,True,False
0363NJ05,Werengouw-Midden,0363NJ,Waterlandpleinbuurt,2399,2565,28.0,72.0,47.0,1.0,99.0,349000.0,590.0,1910.0,,46.0,19.2,21.3,8.6,2.1,1.7,1.1,2286.0,36451.0,43820.0,27.0,22.4,34.0,8.0,13.5,91.0,False,True,False
0363NJ06,Werengouw-Zuid,0363NJ,Waterlandpleinbuurt,593,630,41.0,59.0,57.0,31.0,69.0,436000.0,990.0,2380.0,,9.0,7.8,37.8,25.9,15.4,2.4,1.7,410.0,45480.0,57125.0,23.7,22.0,24.0,21.0,45.4,110.0,False,True,False
0363NK01,Bloemenbuurt-Noord,0363NK,Volewijck,1221,1240,28.0,72.0,67.0,53.0,47.0,450000.0,820.0,1980.0,,6.9,8.2,33.5,33.0,11.6,3.7,3.2,1046.0,38122.0,46263.0,26.7,20.8,32.0,11.0,51.4,176.0,False,True,False
0363NK02,Bloemenbuurt-Zuid,0363NK,Volewijck,1200,1330,9.0,91.0,81.0,17.0,83.0,480000.0,790.0,1810.0,,44.7,8.9,20.6,13.8,8.6,2.6,0.8,1187.0,31958.0,41585.0,36.9,28.8,41.0,9.0,25.8,28.0,False,True,False
0363NK03,Van der Pekbuurt,0363NK,Volewijck,2485,2480,12.0,88.0,81.0,14.0,86.0,406000.0,600.0,1670.0,,44.7,8.9,18.5,13.9,7.3,3.7,3.1,1671.0,32833.0,41284.0,34.2,28.2,42.0,7.0,27.9,83.0,False,True,False
0363NL01,Vogelbuurt-Noord,0363NL,IJplein/Vogelbuurt,656,570,20.0,80.0,75.0,38.0,62.0,457000.0,710.0,1510.0,,58.0,6.2,7.1,10.4,12.9,2.5,3.0,566.0,36002.0,43514.0,26.9,21.2,36.0,9.0,28.8,38.0,False,True,False
0363NL02,Vliegenbos,0363NL,IJplein/Vogelbuurt,87,85,63.0,37.0,0.0,16.0,84.0,,830.0,2910.0,,84.3,3.9,5.9,3.9,2.0,0.0,0.0,51.0,,,,,,44.0,5.9,3.0,False,True,False
0363NL03,Vogelbuurt-Zuid,0363NL,IJplein/Vogelbuurt,2042,2135,20.0,80.0,70.0,3.0,97.0,460000.0,800.0,1730.0,,22.9,28.8,31.2,10.9,3.4,1.9,1.0,1428.0,34916.0,43553.0,32.7,26.6,37.0,11.0,17.1,70.0,False,True,False
0363NL04,IJplein e.o.,0363NL,IJplein/Vogelbuurt,1426,1430,20.0,80.0,73.0,0.0,100.0,417000.0,530.0,1480.0,,58.6,23.5,15.1,1.7,0.8,0.3,0.0,1061.0,34094.0,41506.0,30.9,25.0,39.0,7.0,2.8,8.0,False,True,False
0363NM01,Blauwe Zand,0363NM,Tuindorp Buiksloot,912,925,19.0,81.0,79.0,77.0,23.0,484000.0,840.0,2030.0,,6.0,16.0,40.7,18.7,10.6,6.0,2.0,796.0,37129.0,45932.0,29.2,23.6,33.0,12.0,37.3,65.0,False,True,False
0363NN01,Tuindorp Nieuwendam-West,0363NN,Tuindorp Nieuwendam,538,545,25.0,75.0,73.0,78.0,22.0,400000.0,790.0,1910.0,,10.0,9.4,44.3,22.0,9.2,3.0,2.1,469.0,35685.0,46517.0,24.5,17.0,27.0,10.0,36.2,49.0,False,True,False
0363NN02,Tuindorp Nieuwendam-Oost,0363NN,Tuindorp Nieuwendam,1303,1270,19.0,81.0,80.0,95.0,5.0,497000.0,820.0,1710.0,,1.4,4.3,26.2,27.3,23.2,11.4,6.2,1119.0,34744.0,44893.0,29.3,22.8,34.0,10.0,68.1,169.0,False,True,False
0363NP01,Hamerstraatkwartier-West,0363NP,Noordelijke IJ-oevers-Oost,187,290,9.0,91.0,0.0,5.0,95.0,344000.0,720.0,1580.0,,84.9,1.9,3.8,2.5,1.9,3.1,1.9,159.0,28016.0,34209.0,22.7,22.7,46.0,8.0,9.4,2.0,False,True,False
0363NP02,Hamerstraatkwartier-Oost,0363NP,Noordelijke IJ-oevers-Oost,1,10,,,,,,,,,,,,,,,,,,,,,,,,0.0,,False,False,False
0363NP03,Bedrijventerrein Nieuwendammerdijk,0363NP,Noordelijke IJ-oevers-Oost,5,10,,,,,,,1310.0,2800.0,,0.0,0.0,40.0,0.0,0.0,20.0,40.0,5.0,,,,,,,60.0,,False,True,False
0363NQ01,Noorderstrook-West,0363NQ,Waterland,1,65,,,,,,,,,,66.7,0.0,0.0,0.0,0.0,0.0,33.3,3.0,,,,,74.0,,33.3,,False,True,False
0363NQ02,Noorderstrook-Oost,0363NQ,Waterland,1,0,,,,,,,,,,,,,,,,,,,,,,,,0.0,,False,False,False
0363NQ03,Zunderdorp,0363NQ,Waterland,219,190,70.0,30.0,11.0,72.0,28.0,889000.0,1060.0,3180.0,,47.3,11.8,11.8,7.5,14.0,2.2,5.4,93.0,62022.0,74874.0,10.5,,18.0,34.0,29.0,45.0,True,True,False
0363NQ04,Schellingwoude-West,0363NQ,Waterland,31,35,74.0,26.0,0.0,100.0,0.0,947000.0,870.0,2510.0,,33.3,0.0,26.7,20.0,13.3,6.7,0.0,15.0,,,,,,57.0,40.0,9.0,True,True,False
0363NQ05,Schellingwoude-Oost,0363NQ,Waterland,189,245,88.0,12.0,5.0,97.0,3.0,1049000.0,1120.0,3500.0,,33.0,11.3,14.2,6.6,4.7,9.4,20.8,106.0,72744.0,89175.0,8.0,,12.0,43.0,41.5,69.0,True,True,False
0363NQ06,Schellingwoude-Noord,0363NQ,Waterland,2,5,,,,,,,,,,,,,,,,,,,,,,,,0.0,,False,False,False
0363NQ07,Zwarte Gouw,0363NQ,Waterland,34,5,9.0,91.0,0.0,9.0,91.0,245000.0,680.0,1960.0,,0.0,33.3,0.0,33.3,0.0,0.0,33.3,3.0,,,,,,,66.7,2.0,False,True,False
0363NQ08,Holysloot,0363NQ,Waterland,142,110,70.0,29.0,0.0,89.0,11.0,,1120.0,3390.0,,36.7,18.4,16.3,8.2,12.2,4.1,4.1,49.0,67266.0,78210.0,,,,39.0,28.6,28.0,False,True,False
0363NQ09,Ransdorp,0363NQ,Waterland,141,140,86.0,14.0,0.0,82.0,18.0,1016000.0,1100.0,3590.0,,31.6,8.8,29.8,8.8,3.5,8.8,8.8,57.0,71492.0,85711.0,,,,41.0,29.8,36.0,True,True,False
0363NQ10,Durgerdam,0363NQ,Waterland,185,200,86.0,14.0,0.0,90.0,10.0,1062000.0,1300.0,3510.0,,22.0,8.0,26.0,10.0,4.0,10.0,20.0,50.0,70996.0,96606.0,10.0,,7.0,42.0,44.0,70.0,True,True,False
0363SA01,Landelijk gebied Driemond,0363SA,Driemond,44,50,89.0,11.0,0.0,95.0,5.0,869000.0,730.0,4420.0,,83.3,0.0,5.6,0.0,0.0,5.6,5.6,18.0,,,,,,57.0,11.1,4.0,True,True,False
0363SA02,Dorp Driemond,0363SA,Driemond,656,665,60.0,40.0,37.0,81.0,19.0,438000.0,870.0,2560.0,,17.6,12.3,28.5,27.7,7.8,2.8,3.4,358.0,57111.0,63799.0,10.9,6.2,15.0,25.0,41.6,164.0,False,True,False
0363SB01,Weespersluis-Noord,0363SB,Bloemendalerpolder,2,5,,,,,,,,,,,,,,,,,,,,,,,,0.0,,False,False,False
0363SB02,Waterrijk,0363SB,Bloemendalerpolder,285,400,96.0,4.0,0.0,94.0,6.0,1161000.0,0.0,5380.0,,100.0,0.0,0.0,0.0,0.0,0.0,0.0,430.0,121825.0,142412.0,,,,91.0,0.0,0.0,True,True,True
0363SB03,Lanenrijk,0363SB,Bloemendalerpolder,868,890,97.0,3.0,0.0,89.0,11.0,844000.0,350.0,3990.0,,100.0,0.0,0.0,0.0,0.0,0.0,0.0,898.0,104815.0,110561.0,,,,75.0,0.0,0.0,True,True,False
0363SB04,Vechtrijk,0363SB,Bloemendalerpolder,231,390,96.0,4.0,0.0,96.0,4.0,839000.0,60.0,4700.0,,99.4,0.0,0.3,0.0,0.0,0.1,0.1,702.0,107836.0,112188.0,,,,76.0,0.3,1.0,True,True,True
0363SB05,Leeuwenveld,0363SB,Bloemendalerpolder,518,540,92.0,8.0,1.0,85.0,15.0,703000.0,710.0,3300.0,,86.5,12.5,0.7,0.0,0.3,0.0,0.0,297.0,95082.0,98554.0,,,3.0,65.0,0.3,2.0,True,True,False
0363SB06,Bedrijventerrein Nijverheidslaan,0363SB,Bloemendalerpolder,12,20,,,,,,,1140.0,3230.0,,33.3,0.0,33.3,0.0,16.7,16.7,0.0,6.0,,,,,,,33.3,,False,True,False
0363SC01,Bedrijventerrein-Noord Weesp,0363SC,Weesp-Noordwest,75,70,36.0,64.0,0.0,3.0,97.0,412000.0,580.0,1870.0,,97.1,0.0,0.0,1.4,1.4,0.0,0.0,69.0,,,,,,26.0,2.9,1.0,False,True,False
0363SC02,Hogewey-Noord,0363SC,Weesp-Noordwest,425,410,73.0,27.0,0.0,31.0,69.0,430000.0,730.0,2970.0,,42.8,2.6,12.2,15.4,15.8,8.0,3.2,311.0,59178.0,66076.0,7.7,5.1,12.0,27.0,42.4,132.0,False,True,False
0363SC03,Hogewey-Midden,0363SC,Weesp-Noordwest,920,915,44.0,56.0,48.0,52.0,48.0,378000.0,830.0,2270.0,,27.5,35.9,19.0,10.7,5.6,1.0,0.3,680.0,44543.0,52388.0,13.6,8.0,21.0,12.0,17.6,71.0,False,True,False
0363SC04,Hogewey-Zuid,0363SC,Weesp-Noordwest,904,915,35.0,65.0,63.0,22.0,78.0,453000.0,810.0,2150.0,,46.9,16.3,8.0,19.4,8.1,1.1,0.3,749.0,41503.0,53760.0,21.8,16.1,26.0,17.0,28.8,91.0,False,True,False
0363SC05,Weesp Dichtersbuurt,0363SC,Weesp-Noordwest,1107,1125,51.0,49.0,34.0,11.0,89.0,324000.0,680.0,1860.0,,17.6,17.9,23.9,18.1,12.4,5.7,4.5,831.0,42740.0,49099.0,14.3,11.4,24.0,11.0,40.6,229.0,False,True,False
0363SC06,Weesp Schildersbuurt,0363SC,Weesp-Noordwest,500,510,16.0,84.0,82.0,41.0,59.0,366000.0,760.0,1890.0,,16.1,20.9,26.5,23.3,8.5,4.0,0.7,446.0,35898.0,45244.0,28.6,22.4,33.0,12.0,36.5,29.0,False,True,False
0363SD01,Herensingelkwartier,0363SD,Weesp Binnenstad/Zuid,520,570,64.0,36.0,24.0,48.0,52.0,489000.0,790.0,2070.0,,36.9,21.5,18.7,7.0,6.7,6.7,2.5,358.0,46372.0,74795.0,11.1,7.4,21.0,24.0,22.9,76.0,False,True,False
0363SD02,Bedrijventerrein Van Houten,0363SD,Weesp Binnenstad/Zuid,119,350,92.0,8.0,2.0,97.0,3.0,769000.0,1200.0,3370.0,,11.9,20.9,31.3,7.5,17.9,7.5,3.0,67.0,34134.0,53796.0,20.6,17.6,41.0,28.0,35.8,39.0,True,True,False
0363SD03,Weesp Centrum,0363SD,Weesp Binnenstad/Zuid,1217,1170,57.0,43.0,23.0,58.0,42.0,518000.0,880.0,2200.0,,16.6,15.2,23.5,15.6,12.9,9.2,7.0,775.0,47650.0,60797.0,14.9,8.8,22.0,24.0,44.6,310.0,False,True,False
0363SD04,Weesp-Zuid I,0363SD,Weesp Binnenstad/Zuid,368,310,20.0,80.0,50.0,42.0,58.0,329000.0,720.0,1760.0,,21.1,27.4,38.7,6.9,2.8,1.9,1.3,318.0,30184.0,47119.0,30.0,13.3,45.0,10.0,12.9,9.0,False,True,False
0363SD05,Weesp-Zuid II,0363SD,Weesp Binnenstad/Zuid,314,315,33.0,67.0,65.0,84.0,16.0,497000.0,870.0,2260.0,,9.6,23.5,30.7,11.2,8.8,6.8,9.6,251.0,41462.0,56852.0,20.0,13.3,23.0,20.0,36.3,38.0,False,True,False
0363SD06,De Klomp,0363SD,Weesp Binnenstad/Zuid,254,260,87.0,13.0,12.0,100.0,0.0,594000.0,890.0,2530.0,,19.9,20.6,46.3,11.8,0.7,0.7,0.0,136.0,74039.0,81558.0,,,,42.0,13.2,29.0,False,True,False
0363SE01,Aetsveldsepolder,0363SE,Aetsveld/Oostelijke Vechtoever,119,190,92.0,8.0,0.0,90.0,10.0,884000.0,1310.0,4280.0,,34.8,20.3,15.9,10.1,5.8,4.3,8.7,69.0,81754.0,125772.0,5.3,,9.0,51.0,29.0,32.0,True,True,False
0363SE02,Aetsveld-Zuid,0363SE,Aetsveld/Oostelijke Vechtoever,797,800,69.0,31.0,18.0,64.0,36.0,430000.0,700.0,2300.0,,12.2,30.7,54.9,1.8,0.2,0.0,0.2,492.0,57536.0,62917.0,8.9,6.3,12.0,25.0,2.2,12.0,False,True,False
0363SE03,Aetsveld-Noord,0363SE,Aetsveld/Oostelijke Vechtoever,702,700,68.0,32.0,30.0,83.0,17.0,447000.0,790.0,2290.0,,17.7,32.2,46.2,3.9,0.0,0.0,0.0,407.0,55654.0,62776.0,11.4,7.1,14.0,25.0,3.9,19.0,False,True,False
0363SE04,Oostelijke Vechtoever,0363SE,Aetsveld/Oostelijke Vechtoever,142,225,85.0,15.0,0.0,85.0,15.0,,1040.0,4400.0,,46.2,4.6,21.5,9.2,4.6,6.2,7.7,65.0,72434.0,80574.0,4.5,,14.0,42.0,27.7,33.0,False,True,False
0363TA01,Hoofdcentrum-Zuidoost,0363TA,Amstel III/Bullewijk,0,15,,,,,,,,,,,,,,,,,,,,,,,,0.0,,False,False,False
0363TA02,Amstel III deel C/D-Noord,0363TA,Amstel III/Bullewijk,0,30,,,,,,,,,,,,,,,,,,,,,,,,0.0,,False,False,False
0363TA03,Amstel III deel A/B-Noord,0363TA,Amstel III/Bullewijk,275,390,0.0,100.0,0.0,0.0,100.0,369000.0,0.0,1700.0,,100.0,0.0,0.0,0.0,0.0,0.0,0.0,2231.0,42039.0,46090.0,,,14.0,,0.0,0.0,False,True,True
0363TA04,Amstel III deel C/D-Zuid,0363TA,Amstel III/Bullewijk,2,5,,,,,,,,,,,,,,,,,,,,,,,,0.0,,False,False,False
0363TA05,Amstel III deel A/B-Zuid,0363TA,Amstel III/Bullewijk,2309,2255,0.0,100.0,0.0,0.0,100.0,188000.0,80.0,1370.0,,99.7,0.2,0.1,0.0,0.0,0.0,0.0,2122.0,34900.0,38672.0,10.0,9.3,30.0,3.0,0.0,0.0,False,True,True
0363TA06,AMC,0363TA,Amstel III/Bullewijk,1,30,,,,,,,,,,,,,,,,,,,,,,96.0,,0.0,,False,False,False
0363TA07,Hoge Dijk,0363TA,Amstel III/Bullewijk,8,75,,,,,,,1100.0,4380.0,,99.7,0.0,0.0,0.0,0.0,0.0,0.3,293.0,,,,,64.0,,0.3,,False,True,False
0363TB01,Venserpolder-West,0363TB,Venserpolder,2817,2985,23.0,77.0,66.0,0.0,100.0,286000.0,660.0,1660.0,10.0,26.9,35.8,33.3,3.6,0.3,0.1,0.0,1568.0,33398.0,39076.0,29.7,25.2,42.0,5.0,4.0,26.0,False,True,False
0363TB02,Venserpolder-Oost,0363TB,Venserpolder,1739,2030,37.0,63.0,49.0,6.0,94.0,315000.0,680.0,1750.0,,26.9,32.3,37.4,2.6,0.7,0.0,0.1,1370.0,35588.0,41864.0,26.6,22.0,37.0,7.0,3.4,22.0,False,True,False
0363TC01,D-buurt,0363TC,Amsterdamse Poort e.o.,1943,1955,1.0,99.0,21.0,0.0,100.0,97000.0,10.0,1330.0,,89.1,8.0,2.9,0.0,0.0,0.0,0.0,2033.0,30378.0,32894.0,23.1,22.0,60.0,,0.0,0.0,False,True,True
0363TC02,F-buurt,0363TC,Amsterdamse Poort e.o.,1946,2265,27.0,73.0,30.0,24.0,76.0,338000.0,130.0,2130.0,,77.6,9.6,12.0,0.9,0.0,0.0,0.0,1514.0,39231.0,48858.0,14.6,12.6,25.0,14.0,0.9,5.0,False,True,True
0363TC03,Amsterdamse Poort,0363TC,Amsterdamse Poort e.o.,1575,1795,0.0,100.0,43.0,0.0,100.0,269000.0,240.0,1590.0,,75.4,14.4,9.6,0.5,0.2,0.0,0.0,1526.0,33977.0,37892.0,22.5,20.0,55.0,2.0,0.7,0.0,False,True,False
0363TC04,Vogeltjeswei,0363TC,Amsterdamse Poort e.o.,247,280,57.0,43.0,35.0,74.0,26.0,455000.0,0.0,2750.0,98.0,83.1,16.2,0.7,0.0,0.0,0.0,0.0,136.0,45564.0,55912.0,18.5,14.8,23.0,27.0,0.0,0.0,False,True,True
0363TC05,Nelson Mandelapark,0363TC,Amsterdamse Poort e.o.,0,0,,,,,,,,,,,,,,,,,,,,,,,,0.0,,False,False,False
0363TD01,Hoptille,0363TD,H-buurt,1222,1270,8.0,92.0,34.0,8.0,92.0,231000.0,360.0,1750.0,,69.1,14.2,10.5,4.7,1.0,0.1,0.5,1070.0,31748.0,35998.0,30.0,27.5,44.0,3.0,6.3,6.0,False,True,False
0363TD02,Rechte H-buurt,0363TD,H-buurt,1276,1590,18.0,82.0,69.0,0.0,100.0,274000.0,70.0,2070.0,,19.9,4.3,69.9,4.2,1.2,0.4,0.1,1036.0,31818.0,39060.0,33.8,29.5,42.0,6.0,5.9,14.0,False,True,True
0363TD03,Hakfort/Huigenbos,0363TD,H-buurt,1102,1230,0.0,100.0,100.0,0.0,100.0,262000.0,1150.0,1820.0,,36.1,4.6,5.2,47.0,7.1,0.0,0.1,1514.0,32039.0,37985.0,36.1,33.3,42.0,5.0,54.2,0.0,False,True,False
0363TD04,Huntum,0363TD,H-buurt,80,85,85.0,15.0,5.0,98.0,3.0,580000.0,1240.0,3010.0,,82.3,8.8,8.2,0.0,0.0,0.7,0.0,147.0,,,,,17.0,39.0,0.7,0.0,False,True,False
0363TE01,E-buurt,0363TE,Ganzenhoef e.o.,737,1025,44.0,56.0,40.0,74.0,26.0,499000.0,0.0,2650.0,,93.2,3.2,3.2,0.3,0.2,0.0,0.0,630.0,56509.0,61849.0,13.2,11.8,21.0,33.0,0.5,2.0,False,True,True
0363TE02,G-buurt-West,0363TE,Ganzenhoef e.o.,1484,1940,36.0,63.0,28.0,35.0,65.0,396000.0,,2520.0,,73.2,26.2,0.6,0.0,0.0,0.0,0.0,1054.0,40672.0,48957.0,18.5,15.5,30.0,12.0,0.0,0.0,False,True,False
0363TE03,G-buurt-Noord,0363TE,Ganzenhoef e.o.,952,1005,0.0,100.0,100.0,0.0,100.0,229000.0,50.0,1790.0,,5.1,28.9,49.8,14.7,1.1,0.1,0.2,835.0,28748.0,33791.0,40.4,36.0,52.0,3.0,16.2,0.0,False,True,True
0363TF01,G-buurt-Oost,0363TF,Geerdinkhof/Kantershof,1730,2005,65.0,35.0,20.0,31.0,69.0,372000.0,660.0,2100.0,,49.0,11.0,19.6,9.5,6.9,2.9,1.0,954.0,40875.0,48475.0,17.4,12.8,30.0,13.0,20.4,230.0,False,True,False
0363TF02,Grunder/Koningshoef,0363TF,Geerdinkhof/Kantershof,637,770,51.0,49.0,42.0,62.0,38.0,434000.0,850.0,2490.0,,84.6,9.2,4.9,0.5,0.5,0.3,0.0,390.0,46708.0,54083.0,14.1,11.3,23.0,20.0,1.3,4.0,False,True,False
0363TF03,Kantershof,0363TF,Geerdinkhof/Kantershof,1057,1235,52.0,47.0,37.0,62.0,38.0,338000.0,560.0,2330.0,,10.0,8.4,56.8,19.0,4.7,1.0,0.0,679.0,34248.0,44537.0,29.1,25.5,41.0,12.0,24.7,136.0,False,True,False
0363TG01,Bijlmermuseum-Noord,0363TG,Bijlmermuseum,1089,1260,9.0,91.0,86.0,0.0,100.0,293000.0,70.0,1940.0,,8.7,16.8,69.9,4.1,0.5,0.0,0.0,911.0,29853.0,34936.0,41.4,37.9,49.0,4.0,4.6,5.0,False,True,True
0363TG02,Bijlmermuseum-Zuid,0363TG,Bijlmermuseum,1363,1670,26.0,74.0,54.0,0.0,100.0,304000.0,60.0,2160.0,,14.2,15.5,63.3,5.5,1.1,0.4,0.1,1132.0,34434.0,39585.0,30.6,27.1,37.0,6.0,7.0,25.0,False,True,True
0363TG03,De Kameleon e.o.,0363TG,Bijlmermuseum,1157,1335,0.0,100.0,62.0,1.0,99.0,244000.0,370.0,1840.0,,63.8,17.4,18.7,0.0,0.0,0.0,0.0,993.0,31466.0,36914.0,31.5,27.9,44.0,4.0,0.0,0.0,False,True,False
0363TH01,Gooise Kant,0363TH,K-buurt,236,335,65.0,35.0,17.0,100.0,0.0,559000.0,0.0,2980.0,,100.0,0.0,0.0,0.0,0.0,0.0,0.0,242.0,70112.0,70456.0,7.7,3.8,10.0,36.0,0.0,0.0,False,True,True
0363TH02,Kortvoort,0363TH,K-buurt,1493,1750,15.0,85.0,81.0,13.0,87.0,280000.0,830.0,1750.0,,44.9,18.5,21.4,11.0,3.7,0.5,0.0,1218.0,30168.0,36586.0,36.3,30.6,48.0,4.0,15.2,34.0,False,True,False
0363TH03,Kelbergen,0363TH,K-buurt,381,475,19.0,81.0,79.0,100.0,0.0,339000.0,1010.0,2370.0,,9.3,40.2,41.7,7.3,1.2,0.4,0.0,259.0,39788.0,45866.0,24.4,19.5,30.0,11.0,8.9,6.0,False,True,False
0363TH04,K-buurt-Zuidwest,0363TH,K-buurt,503,620,55.0,45.0,38.0,73.0,27.0,425000.0,300.0,2770.0,,98.7,1.0,0.3,0.0,0.0,0.0,0.0,299.0,48591.0,54389.0,18.5,14.8,27.0,21.0,0.0,0.0,False,True,False
0363TH05,K-buurt-Zuidoost,0363TH,K-buurt,454,595,41.0,59.0,32.0,77.0,23.0,501000.0,0.0,2750.0,,99.7,0.3,0.0,0.0,0.0,0.0,0.0,323.0,52585.0,58251.0,14.0,12.0,23.0,23.0,0.0,0.0,False,True,True
0363TJ01,Holendrecht-West,0363TJ,Holendrecht,1383,1415,0.0,100.0,100.0,0.0,100.0,269000.0,800.0,1830.0,,63.0,24.7,10.3,1.5,0.3,0.1,0.1,1347.0,29436.0,36455.0,46.3,39.6,48.0,4.0,2.0,0.0,False,True,False
0363TJ02,Holendrecht-Oost,0363TJ,Holendrecht,1068,1185,55.0,45.0,28.0,86.0,14.0,419000.0,920.0,2280.0,,33.0,39.6,26.3,1.1,0.0,0.0,0.0,704.0,49559.0,55361.0,11.7,9.9,18.0,17.0,1.1,7.0,False,True,False
0363TJ03,Holendrecht-Zuid,0363TJ,Holendrecht,1833,2045,13.0,87.0,83.0,3.0,97.0,284000.0,860.0,2020.0,,75.7,13.9,9.0,1.0,0.2,0.1,0.0,1245.0,35121.0,42285.0,31.4,27.7,36.0,7.0,1.4,3.0,False,True,False
0363TK01,L-buurt,0363TK,Nellestein,1648,1765,42.0,58.0,19.0,0.0,100.0,315000.0,880.0,1890.0,,30.8,17.0,31.4,20.4,0.3,0.0,0.0,1165.0,41835.0,46779.0,14.3,10.1,25.0,9.0,20.8,144.0,False,True,False
0363TK02,Gaasperpark,0363TK,Nellestein,7,10,,,,,,,2000.0,5380.0,,0.0,0.0,50.0,50.0,0.0,0.0,0.0,2.0,,,,,,,50.0,,False,True,False
0363TK03,Gaasperplas,0363TK,Nellestein,5,5,,,,,,,880.0,3440.0,,100.0,0.0,0.0,0.0,0.0,0.0,0.0,1.0,,,,,,,0.0,,False,True,False
0363TL01,Reigersbos 1,0363TL,Reigersbos,950,1070,35.0,65.0,55.0,6.0,94.0,303000.0,860.0,1920.0,,26.8,34.8,34.4,3.2,0.6,0.2,0.0,497.0,37652.0,43555.0,21.4,18.4,33.0,8.0,4.0,13.0,False,True,False
0363TL02,Reigersbos 2,0363TL,Reigersbos,853,965,38.0,62.0,51.0,4.0,96.0,271000.0,810.0,1800.0,,14.3,34.1,45.3,4.3,1.7,0.3,0.0,601.0,32968.0,38397.0,27.7,21.7,39.0,4.0,6.3,20.0,False,True,False
0363TL03,Reigersbos 3,0363TL,Reigersbos,1145,1330,32.0,68.0,63.0,33.0,67.0,327000.0,750.0,2030.0,,43.1,33.4,22.6,1.0,0.0,0.0,0.0,629.0,36519.0,43449.0,25.4,20.3,34.0,9.0,1.0,3.0,False,True,False
0363TL04,Reigersbos 4,0363TL,Reigersbos,1093,1200,39.0,61.0,44.0,76.0,24.0,380000.0,850.0,2090.0,,39.3,29.1,30.8,0.8,0.0,0.0,0.0,643.0,43270.0,51794.0,17.7,13.3,23.0,14.0,0.8,3.0,False,True,False
0363TM01,Gein 1,0363TM,Gein,1585,1625,22.0,78.0,65.0,0.0,100.0,260000.0,750.0,1780.0,,47.5,30.0,21.4,0.8,0.2,0.1,0.0,1261.0,33157.0,39461.0,32.0,26.0,40.0,6.0,1.1,4.0,False,True,False
0363TM02,Gein 2,0363TM,Gein,746,865,24.0,76.0,63.0,0.0,100.0,295000.0,840.0,1970.0,,12.5,27.2,56.4,1.6,1.4,0.5,0.4,567.0,36158.0,41838.0,28.6,23.4,36.0,6.0,3.9,7.0,False,True,False
0363TM03,Gein 3,0363TM,Gein,1259,1405,95.0,5.0,0.0,100.0,0.0,441000.0,780.0,2500.0,,21.7,29.1,46.0,3.1,0.0,0.0,0.0,604.0,61900.0,65164.0,3.0,1.5,9.0,26.0,3.1,38.0,False,True,False
0363TM04,Gein 4,0363TM,Gein,1557,1645,26.0,74.0,51.0,56.0,44.0,375000.0,830.0,2010.0,,34.6,43.8,19.6,2.0,0.0,0.0,0.0,1257.0,42884.0,49006.0,19.4,14.8,26.0,11.0,2.0,8.0,False,True,False
